	model	age_pair	years	severity	template_id	acc	diff	expected	unexpected	macrodiff
0	distilbert-base-uncased	middle-aged adult vs older adult	15	D1	1	0.6666666666666666	-0.013944627823851384	0.07749384512135289	0.09143847294520428	-0.013944627823851391
1	distilbert-base-uncased	middle-aged adult vs older adult	15	D1	2	0.6666666666666666	-0.011572266038759422	0.04653614257161581	0.05810840861037523	-0.011572266038759417
2	distilbert-base-uncased	middle-aged adult vs older adult	15	D1	3	0.6666666666666666	0.019494106112688328	0.09914371970080534	0.07964961358811702	0.019494106112688314
3	distilbert-base-uncased	middle-aged adult vs older adult	15	D1	4	0.6666666666666666	-0.0005058082994462133	0.0637183654228768	0.06422417372232302	-0.0005058082994462143
4	distilbert-base-uncased	middle-aged adult vs older adult	15	D1	5	0.3333333333333333	0.19678995960081616	0.3433279579815765	0.1465379983807603	0.19678995960081622
5	distilbert-base-uncased	middle-aged adult vs older adult	15	D2	1	0.8	0.060699276375817124	0.1328358702041441	0.07213659382832699	0.060699276375817124
6	distilbert-base-uncased	middle-aged adult vs older adult	15	D2	2	0.8	0.04429447809088745	0.08574116524687267	0.04144668715598522	0.04429447809088745
7	distilbert-base-uncased	middle-aged adult vs older adult	15	D2	3	0.8	0.11884286563872595	0.1700414991544676	0.05119863351574163	0.11884286563872595
8	distilbert-base-uncased	middle-aged adult vs older adult	15	D2	4	0.8	0.07270968332595656	0.11520362305163864	0.04249393972568209	0.07270968332595655
9	distilbert-base-uncased	middle-aged adult vs older adult	15	D2	5	0.2	0.08890207649674269	0.26555121010169386	0.17664913360495116	0.0889020764967427
10	distilbert-base-uncased	middle-aged adult vs older adult	15	D3	1	0.75	0.054501422087923836	0.1362795077820919	0.08177808569416808	0.05450142208792383
11	distilbert-base-uncased	middle-aged adult vs older adult	15	D3	2	0.75	0.036551377057548975	0.08596777103957717	0.049416393982028184	0.03655137705754899
12	distilbert-base-uncased	middle-aged adult vs older adult	15	D3	3	0.75	0.10995708172686137	0.1647513306697874	0.05479424894292602	0.10995708172686137
13	distilbert-base-uncased	middle-aged adult vs older adult	15	D3	4	0.75	0.06868671468873797	0.11764985798254195	0.04896314329380398	0.06868671468873797
14	distilbert-base-uncased	middle-aged adult vs older adult	15	D3	5	0.125	0.020278953074011973	0.21249615374836137	0.1922172006743494	0.02027895307401198
15	distilbert-base-uncased	middle-aged adult vs older adult	15	D4	1	0.8	0.045750959060387675	0.11477290314214765	0.06902194408175998	0.045750959060387675
16	distilbert-base-uncased	middle-aged adult vs older adult	15	D4	2	0.8	0.03444206791318723	0.07451262470713114	0.04007055679394392	0.03444206791318723
17	distilbert-base-uncased	middle-aged adult vs older adult	15	D4	3	0.8	0.09796213943773183	0.14923320473899362	0.05127106530126181	0.09796213943773181
18	distilbert-base-uncased	middle-aged adult vs older adult	15	D4	4	0.8	0.059340240442543254	0.10135592031001572	0.04201567986747247	0.059340240442543254
19	distilbert-base-uncased	middle-aged adult vs older adult	15	D4	5	0.2	0.11141367163509133	0.2666022381745279	0.15518856653943652	0.11141367163509136
20	distilbert-base-uncased	middle-aged adult vs older adult	15	M1	1	0.8	0.05756824037525802	0.11584068462252613	0.058272444247268095	0.05756824037525803
21	distilbert-base-uncased	middle-aged adult vs older adult	15	M1	2	0.8	0.03454747421346837	0.07873163935873886	0.04418416514527049	0.03454747421346838
22	distilbert-base-uncased	middle-aged adult vs older adult	15	M1	3	0.8	0.14031454533687795	0.2096618355804821	0.06934729024360417	0.14031454533687793
23	distilbert-base-uncased	middle-aged adult vs older adult	15	M1	4	0.8	0.05397613343084233	0.09948201099759894	0.04550587756675661	0.05397613343084234
24	distilbert-base-uncased	middle-aged adult vs older adult	15	M1	5	0.2	0.06114322645589709	0.25476109795272345	0.19361787149682638	0.061143226455897065
25	distilbert-base-uncased	middle-aged adult vs older adult	15	M2	1	0.6666666666666666	0.020304337289417138	0.11853642714171043	0.0982320898522933	0.020304337289417135
26	distilbert-base-uncased	middle-aged adult vs older adult	15	M2	2	0.6666666666666666	0.00968636346806308	0.08462322266132104	0.07493685919325795	0.009686363468063092
27	distilbert-base-uncased	middle-aged adult vs older adult	15	M2	3	0.6666666666666666	0.07286671431817617	0.19486162092774362	0.12199490660956747	0.07286671431817615
28	distilbert-base-uncased	middle-aged adult vs older adult	15	M2	4	0.6666666666666666	0.022538368793902936	0.10118408694203629	0.07864571814813336	0.022538368793902933
29	distilbert-base-uncased	middle-aged adult vs older adult	15	M2	5	0.0	-0.15847151695440212	0.09294101376629742	0.2514125307206996	-0.15847151695440215
30	distilbert-base-uncased	middle-aged adult vs older adult	15	M3	1	0.7777777777777778	0.04974429583267516	0.1435786185029428	0.09383432267026764	0.049744295832675145
31	distilbert-base-uncased	middle-aged adult vs older adult	15	M3	2	0.7777777777777778	0.056511628355817994	0.11863862969362847	0.062127001337810475	0.056511628355817994
32	distilbert-base-uncased	middle-aged adult vs older adult	15	M3	3	0.7777777777777778	0.1716686048481885	0.2594394540752141	0.08777084922702566	0.17166860484818847
33	distilbert-base-uncased	middle-aged adult vs older adult	15	M3	4	0.7777777777777778	0.0786298350285506	0.14277280242822596	0.06414296739967534	0.07862983502855062
34	distilbert-base-uncased	middle-aged adult vs older adult	15	M3	5	0.0	-0.1337974972039875	0.10873949259985234	0.24253698980383984	-0.13379749720398748
35	distilbert-base-uncased	middle-aged adult vs older adult	15	M4	1	0.6666666666666666	0.04498014575801788	0.1476110994505385	0.10263095369252062	0.04498014575801787
36	distilbert-base-uncased	middle-aged adult vs older adult	15	M4	2	0.6666666666666666	0.029267500113443635	0.10524061339431982	0.07597311328087618	0.029267500113443645
37	distilbert-base-uncased	middle-aged adult vs older adult	15	M4	3	0.6666666666666666	0.08129312864063348	0.2180636436642089	0.13677051502357543	0.08129312864063348
38	distilbert-base-uncased	middle-aged adult vs older adult	15	M4	4	0.6666666666666666	0.04053368302265882	0.12582040384343898	0.08528672082078015	0.040533683022658834
39	distilbert-base-uncased	middle-aged adult vs older adult	15	M4	5	0.0	-0.10897468478651717	0.09087816740308574	0.19985285218960291	-0.10897468478651717
40	distilbert-base-uncased	middle-aged adult vs older adult	15	M5	1	0.6904761904761905	0.04199562492275228	0.11946329915146976	0.07746767422871749	0.04199562492275227
41	distilbert-base-uncased	middle-aged adult vs older adult	15	M5	2	0.7857142857142857	0.061637512398928763	0.11283223489876294	0.051194722499834165	0.06163751239892878
42	distilbert-base-uncased	middle-aged adult vs older adult	15	M5	3	0.7857142857142857	0.10557477481121344	0.18867104059886297	0.08309626578764953	0.10557477481121344
43	distilbert-base-uncased	middle-aged adult vs older adult	15	M5	4	0.7857142857142857	0.04758863516673003	0.10211412034862272	0.054525485181892694	0.04758863516673002
44	distilbert-base-uncased	middle-aged adult vs older adult	15	M5	5	0.14285714285714285	-0.06598250624942706	0.21047399591701654	0.2764565021664436	-0.06598250624942703
45	distilbert-base-uncased	middle-aged adult vs older adult	15	M6	1	0.7142857142857143	0.03348073202713359	0.12624634554023417	0.09276561351310057	0.0334807320271336
46	distilbert-base-uncased	middle-aged adult vs older adult	15	M6	2	0.7142857142857143	0.02395703386901007	0.08467228969857385	0.06071525582956378	0.023957033869010068
47	distilbert-base-uncased	middle-aged adult vs older adult	15	M6	3	0.7142857142857143	0.08646066092920332	0.18682284317947048	0.10036218225026715	0.08646066092920333
48	distilbert-base-uncased	middle-aged adult vs older adult	15	M6	4	0.7142857142857143	0.035666090206567407	0.10023370320829725	0.06456761300172983	0.03566609020656741
49	distilbert-base-uncased	middle-aged adult vs older adult	15	M6	5	0.07142857142857142	-0.061164140551617105	0.1569174487917085	0.2180815893433256	-0.06116414055161712
50	distilbert-base-uncased	middle-aged adult vs older adult	15	M7	1	0.7857142857142857	0.06588039747553662	0.14711676327039766	0.08123636579486104	0.06588039747553662
51	distilbert-base-uncased	middle-aged adult vs older adult	15	M7	2	0.7857142857142857	0.04726277934527651	0.0955090831113401	0.04824630376606359	0.04726277934527651
52	distilbert-base-uncased	middle-aged adult vs older adult	15	M7	3	0.7857142857142857	0.13556017467479772	0.21538791757276546	0.07982774289796772	0.13556017467479775
53	distilbert-base-uncased	middle-aged adult vs older adult	15	M7	4	0.7857142857142857	0.07378826696055643	0.12519573706958906	0.05140747010903262	0.07378826696055643
54	distilbert-base-uncased	middle-aged adult vs older adult	15	M7	5	0.17857142857142858	0.007700795590478398	0.20762750814485892	0.19992671255438052	0.007700795590478399
55	distilbert-base-uncased	middle-aged adult vs older adult	15	M8	1	0.7325581395348837	0.058839346268985876	0.14139934072218868	0.08255999445320282	0.05883934626898586
56	distilbert-base-uncased	middle-aged adult vs older adult	15	M8	2	0.7558139534883721	0.04240325036440736	0.1043619639406875	0.061958713576280154	0.04240325036440735
57	distilbert-base-uncased	middle-aged adult vs older adult	15	M8	3	0.7558139534883721	0.11543734371349107	0.19789242076216773	0.08245507704867669	0.11543734371349104
58	distilbert-base-uncased	middle-aged adult vs older adult	15	M8	4	0.7558139534883721	0.06026166882301643	0.12578610662823717	0.06552443780522074	0.06026166882301642
59	distilbert-base-uncased	middle-aged adult vs older adult	15	M8	5	0.13953488372093023	-0.06182451002221273	0.1762559176463265	0.23808042766853924	-0.06182451002221273
60	distilbert-base-uncased	middle-aged adult vs older adult	15	M9	1	0.8	0.05791945145865611	0.14272663234478383	0.08480718088612772	0.05791945145865611
61	distilbert-base-uncased	middle-aged adult vs older adult	15	M9	2	0.8	0.05113715820289144	0.10123203842058497	0.050094880217693524	0.05113715820289144
62	distilbert-base-uncased	middle-aged adult vs older adult	15	M9	3	0.8	0.1520424549878044	0.2332019105941981	0.0811594556063937	0.1520424549878044
63	distilbert-base-uncased	middle-aged adult vs older adult	15	M9	4	0.8	0.08298143791580516	0.14747491752532366	0.0644934796095185	0.08298143791580516
64	distilbert-base-uncased	middle-aged adult vs older adult	15	M9	5	0.1	-0.05599970481853236	0.15777850003360067	0.213778204852133	-0.055999704818532337
65	distilbert-base-uncased	middle-aged adult vs older adult	2	D1	1	0.6666666666666666	-0.017543977660049365	0.04352958939853121	0.06107356705858057	-0.017543977660049365
66	distilbert-base-uncased	middle-aged adult vs older adult	2	D1	2	0.6666666666666666	-0.000868599803652616	0.018971130601130367	0.01983973040478298	-0.0008685998036526144
67	distilbert-base-uncased	middle-aged adult vs older adult	2	D1	3	0.3333333333333333	0.012022316572256345	0.040830223423351165	0.028807906851094814	0.012022316572256352
68	distilbert-base-uncased	middle-aged adult vs older adult	2	D1	4	0.6666666666666666	0.017286191073556733	0.05114642020392537	0.03386022913036863	0.017286191073556736
69	distilbert-base-uncased	middle-aged adult vs older adult	2	D1	5	0.6666666666666666	0.22753981214676364	0.3531026531321307	0.12556284098536705	0.22753981214676364
70	distilbert-base-uncased	middle-aged adult vs older adult	2	D2	1	0.8	0.025135213375324393	0.07531089152325872	0.05017567814793433	0.025135213375324386
71	distilbert-base-uncased	middle-aged adult vs older adult	2	D2	2	0.8	0.02162757235346362	0.03761732003185892	0.0159897476783953	0.02162757235346362
72	distilbert-base-uncased	middle-aged adult vs older adult	2	D2	3	0.6	0.05088671705452723	0.07306274244911032	0.02217602539458309	0.05088671705452723
73	distilbert-base-uncased	middle-aged adult vs older adult	2	D2	4	0.8	0.06652058826293794	0.09102962455945084	0.02450903629651289	0.06652058826293794
74	distilbert-base-uncased	middle-aged adult vs older adult	2	D2	5	0.8	0.21597188287996688	0.3170720272697508	0.10110014438978394	0.21597188287996688
75	distilbert-base-uncased	middle-aged adult vs older adult	2	D3	1	0.75	0.030268758997408433	0.08157323563864333	0.05130447664123489	0.030268758997408433
76	distilbert-base-uncased	middle-aged adult vs older adult	2	D3	2	0.75	0.021799215381179248	0.03859135489256	0.016792139511380748	0.02179921538117925
77	distilbert-base-uncased	middle-aged adult vs older adult	2	D3	3	0.625	0.040788248006720075	0.06300101108718076	0.022212763080460687	0.04078824800672007
78	distilbert-base-uncased	middle-aged adult vs older adult	2	D3	4	0.75	0.05997421207939621	0.08529281842129414	0.025318606341897937	0.05997421207939621
79	distilbert-base-uncased	middle-aged adult vs older adult	2	D3	5	0.75	0.147328912269586	0.2727011097595095	0.12537219748992354	0.14732891226958597
80	distilbert-base-uncased	middle-aged adult vs older adult	2	D4	1	0.8	0.02080577854649163	0.0680525582574773	0.04724677971098567	0.020805778546491634
81	distilbert-base-uncased	middle-aged adult vs older adult	2	D4	2	0.8	0.01639221712248401	0.032237002463079936	0.01584478534059593	0.016392217122484006
82	distilbert-base-uncased	middle-aged adult vs older adult	2	D4	3	0.6	0.03468750980682668	0.05723362634307701	0.02254611653625032	0.03468750980682669
83	distilbert-base-uncased	middle-aged adult vs older adult	2	D4	4	0.8	0.05040746309095991	0.07412839076714585	0.023720927676185923	0.05040746309095993
84	distilbert-base-uncased	middle-aged adult vs older adult	2	D4	5	0.8	0.22142221474205143	0.316218137089163	0.09479592234711158	0.22142221474205143
85	distilbert-base-uncased	middle-aged adult vs older adult	2	M1	1	0.8	0.040669479209464045	0.07765071664471176	0.03698123743524771	0.04066947920946405
86	distilbert-base-uncased	middle-aged adult vs older adult	2	M1	2	0.8	0.01609946243697778	0.0356768022931646	0.019577339856186822	0.016099462436977775
87	distilbert-base-uncased	middle-aged adult vs older adult	2	M1	3	0.6	0.06482228004606441	0.09902068527881051	0.0341984052327461	0.06482228004606441
88	distilbert-base-uncased	middle-aged adult vs older adult	2	M1	4	0.8	0.04039362894836815	0.0686276348540559	0.028234005905687747	0.040393628948368156
89	distilbert-base-uncased	middle-aged adult vs older adult	2	M1	5	0.8	0.17746378098381682	0.28887099321000276	0.11140721222618592	0.17746378098381682
90	distilbert-base-uncased	middle-aged adult vs older adult	2	M2	1	0.6666666666666666	0.03226827154867349	0.08921025386856242	0.05694198231988893	0.03226827154867349
91	distilbert-base-uncased	middle-aged adult vs older adult	2	M2	2	0.6666666666666666	0.010634455606729426	0.04608348101222263	0.03544902540549321	0.010634455606729418
92	distilbert-base-uncased	middle-aged adult vs older adult	2	M2	3	0.6666666666666666	0.04750240290013608	0.10883578184196567	0.061333378941829574	0.0475024029001361
93	distilbert-base-uncased	middle-aged adult vs older adult	2	M2	4	0.6666666666666666	0.03147583467944063	0.08529778845938076	0.053821953779940125	0.03147583467944063
94	distilbert-base-uncased	middle-aged adult vs older adult	2	M2	5	0.6666666666666666	0.004218389706996585	0.17062641672479606	0.16640802701779947	0.004218389706996589
95	distilbert-base-uncased	middle-aged adult vs older adult	2	M3	1	0.7777777777777778	0.04574359925916523	0.10058661323596925	0.054843013976804036	0.04574359925916521
96	distilbert-base-uncased	middle-aged adult vs older adult	2	M3	2	0.7777777777777778	0.038097484816616	0.06668091242318039	0.02858342760656439	0.038097484816616
97	distilbert-base-uncased	middle-aged adult vs older adult	2	M3	3	0.7777777777777778	0.09077515051143968	0.13560467773802676	0.04482952722658708	0.09077515051143967
98	distilbert-base-uncased	middle-aged adult vs older adult	2	M3	4	0.7777777777777778	0.08724349904029322	0.1274095404789679	0.040166041438674714	0.08724349904029319
99	distilbert-base-uncased	middle-aged adult vs older adult	2	M3	5	0.7777777777777778	0.06718105823448345	0.1977239929191354	0.13054293468465195	0.06718105823448345
100	distilbert-base-uncased	middle-aged adult vs older adult	2	M4	1	0.6666666666666666	0.031865004537394256	0.09966750131570729	0.06780249677831303	0.031865004537394256
101	distilbert-base-uncased	middle-aged adult vs older adult	2	M4	2	0.6666666666666666	0.020180085870379134	0.05444726289958147	0.03426717702920233	0.020180085870379137
102	distilbert-base-uncased	middle-aged adult vs older adult	2	M4	3	0.6666666666666666	0.027503382104138555	0.0970494732512937	0.06954609114715515	0.027503382104138552
103	distilbert-base-uncased	middle-aged adult vs older adult	2	M4	4	0.6666666666666666	0.05198067232655982	0.11090428066866777	0.05892360834210795	0.05198067232655982
104	distilbert-base-uncased	middle-aged adult vs older adult	2	M4	5	0.6666666666666666	0.02988831368080963	0.16699508562063173	0.13710677193982213	0.029888313680809603
105	distilbert-base-uncased	middle-aged adult vs older adult	2	M5	1	0.6904761904761905	0.03356565839168893	0.08206441535176483	0.048498756960075905	0.03356565839168892
106	distilbert-base-uncased	middle-aged adult vs older adult	2	M5	2	0.7857142857142857	0.055517282410402824	0.08051967673028615	0.025002394319883322	0.055517282410402824
107	distilbert-base-uncased	middle-aged adult vs older adult	2	M5	3	0.7142857142857143	0.05197482031577412	0.09175314187277325	0.03977832155699914	0.05197482031577411
108	distilbert-base-uncased	middle-aged adult vs older adult	2	M5	4	0.7619047619047619	0.04823904634291208	0.08639340852269445	0.03815436217978237	0.04823904634291208
109	distilbert-base-uncased	middle-aged adult vs older adult	2	M5	5	0.6904761904761905	0.0677845378446537	0.2695208591148479	0.20173632127019417	0.06778453784465374
110	distilbert-base-uncased	middle-aged adult vs older adult	2	M6	1	0.7142857142857143	0.03152975675714385	0.08657714671478187	0.05504738995763802	0.03152975675714385
111	distilbert-base-uncased	middle-aged adult vs older adult	2	M6	2	0.7142857142857143	0.021486778241524018	0.04678380016412116	0.02529702192259714	0.02148677824152402
112	distilbert-base-uncased	middle-aged adult vs older adult	2	M6	3	0.6428571428571429	0.049752024799610294	0.09198188416173379	0.04222985936212349	0.0497520247996103
113	distilbert-base-uncased	middle-aged adult vs older adult	2	M6	4	0.7142857142857143	0.04621429617899205	0.08503944716981741	0.03882515099082536	0.04621429617899205
114	distilbert-base-uncased	middle-aged adult vs older adult	2	M6	5	0.7142857142857143	0.08995005546291525	0.23016882553097923	0.14021877006806396	0.08995005546291526
115	distilbert-base-uncased	middle-aged adult vs older adult	2	M7	1	0.7857142857142857	0.04662127621434463	0.09698573391090441	0.0503644576965598	0.046621276214344615
116	distilbert-base-uncased	middle-aged adult vs older adult	2	M7	2	0.75	0.02919554547302791	0.05044583621825686	0.021250290745228943	0.029195545473027915
117	distilbert-base-uncased	middle-aged adult vs older adult	2	M7	3	0.6785714285714286	0.06631065619149014	0.10274448638977314	0.03643383019828299	0.06631065619149015
118	distilbert-base-uncased	middle-aged adult vs older adult	2	M7	4	0.7857142857142857	0.06535062879889406	0.09817744263481079	0.03282681383591672	0.06535062879889407
119	distilbert-base-uncased	middle-aged adult vs older adult	2	M7	5	0.7857142857142857	0.1554850092309477	0.27736704125501477	0.12188203202406707	0.1554850092309477
120	distilbert-base-uncased	middle-aged adult vs older adult	2	M8	1	0.7325581395348837	0.03865757738940586	0.08863381302538513	0.04997623563597928	0.03865757738940585
121	distilbert-base-uncased	middle-aged adult vs older adult	2	M8	2	0.7558139534883721	0.032573372165558785	0.056642847410457296	0.024069475244898515	0.03257337216555878
122	distilbert-base-uncased	middle-aged adult vs older adult	2	M8	3	0.6976744186046512	0.05558209793187331	0.0860256937851582	0.03044359585328488	0.055582097931873325
123	distilbert-base-uncased	middle-aged adult vs older adult	2	M8	4	0.7441860465116279	0.05824211393049811	0.09402254772870688	0.035780433798208784	0.0582421139304981
124	distilbert-base-uncased	middle-aged adult vs older adult	2	M8	5	0.7325581395348837	0.08159784102700056	0.24251423860753904	0.1609163975805385	0.08159784102700054
125	distilbert-base-uncased	middle-aged adult vs older adult	2	M9	1	0.775	0.034592415659062695	0.08829489304516752	0.05370247738610483	0.034592415659062695
126	distilbert-base-uncased	middle-aged adult vs older adult	2	M9	2	0.8	0.02611675633852429	0.05048056378291217	0.024363807444387882	0.02611675633852429
127	distilbert-base-uncased	middle-aged adult vs older adult	2	M9	3	0.75	0.06997241211720394	0.10671639513020632	0.036743983013002385	0.06997241211720394
128	distilbert-base-uncased	middle-aged adult vs older adult	2	M9	4	0.775	0.07074390325651622	0.1104182647337438	0.039674361477227596	0.07074390325651621
129	distilbert-base-uncased	middle-aged adult vs older adult	2	M9	5	0.8	0.12125347521869116	0.2361257008829852	0.11487222566429404	0.12125347521869116
130	distilbert-base-uncased	middle-aged adult vs older adult	7	D1	1	0.6666666666666666	-0.0068598833701495774	0.0504294344767307	0.05728931784688027	-0.006859883370149568
131	distilbert-base-uncased	middle-aged adult vs older adult	7	D1	2	0.6666666666666666	0.004124819660016065	0.021314725260405464	0.0171899056003894	0.004124819660016064
132	distilbert-base-uncased	middle-aged adult vs older adult	7	D1	3	0.6666666666666666	0.015083634541952053	0.0402070720350214	0.025123437493069348	0.015083634541952051
133	distilbert-base-uncased	middle-aged adult vs older adult	7	D1	4	0.6666666666666666	0.015398377271291444	0.0459274140108997	0.03052903673960825	0.015398377271291449
134	distilbert-base-uncased	middle-aged adult vs older adult	7	D1	5	0.6666666666666666	0.20575188406898334	0.3312382684089243	0.125486384339941	0.2057518840689833
135	distilbert-base-uncased	middle-aged adult vs older adult	7	D2	1	0.8	0.03806251278438141	0.08140785151626911	0.043345338731887714	0.0380625127843814
136	distilbert-base-uncased	middle-aged adult vs older adult	7	D2	2	0.8	0.027154955832520526	0.03994613586692136	0.012791180034400832	0.02715495583252053
137	distilbert-base-uncased	middle-aged adult vs older adult	7	D2	3	0.8	0.053684158495161706	0.07081239905091931	0.0171282405557576	0.05368415849516171
138	distilbert-base-uncased	middle-aged adult vs older adult	7	D2	4	0.8	0.05890314632561057	0.07902257514651859	0.02011942882090803	0.058903146325610556
139	distilbert-base-uncased	middle-aged adult vs older adult	7	D2	5	0.8	0.17501484811655246	0.28425136124715206	0.1092365131305996	0.17501484811655246
140	distilbert-base-uncased	middle-aged adult vs older adult	7	D3	1	0.75	0.04449991388719353	0.09026949462713668	0.04576958073994316	0.04449991388719352
141	distilbert-base-uncased	middle-aged adult vs older adult	7	D3	2	0.75	0.028241616253581032	0.04157850603405674	0.013336889780475706	0.028241616253581032
142	distilbert-base-uncased	middle-aged adult vs older adult	7	D3	3	0.75	0.0484380443176633	0.06443200373541909	0.015993959417755787	0.0484380443176633
143	distilbert-base-uncased	middle-aged adult vs older adult	7	D3	4	0.75	0.05457244319040911	0.07619836624144224	0.021625923051033124	0.05457244319040912
144	distilbert-base-uncased	middle-aged adult vs older adult	7	D3	5	0.75	0.11559018041953097	0.24377752817235881	0.12818734775282786	0.11559018041953095
145	distilbert-base-uncased	middle-aged adult vs older adult	7	D4	1	0.8	0.031373991040163654	0.07257748001720751	0.041203488977043866	0.03137399104016365
146	distilbert-base-uncased	middle-aged adult vs older adult	7	D4	2	0.8	0.02160840208525771	0.034027811128180444	0.01241940904292273	0.021608402085257713
147	distilbert-base-uncased	middle-aged adult vs older adult	7	D4	3	0.8	0.03988372825260738	0.05709421273204492	0.01721048447943754	0.03988372825260739
148	distilbert-base-uncased	middle-aged adult vs older adult	7	D4	4	0.8	0.04433877319679594	0.06419829500373447	0.019859521806938542	0.04433877319679593
149	distilbert-base-uncased	middle-aged adult vs older adult	7	D4	5	0.8	0.1933948293561116	0.2897048673592507	0.09631003800313914	0.19339482935611157
150	distilbert-base-uncased	middle-aged adult vs older adult	7	M1	1	0.8	0.05513660934520883	0.08926180109847331	0.03412519175326448	0.05513660934520884
151	distilbert-base-uncased	middle-aged adult vs older adult	7	M1	2	0.8	0.026167841471033175	0.04564359020441766	0.01947574873338448	0.026167841471033182
152	distilbert-base-uncased	middle-aged adult vs older adult	7	M1	3	0.6	0.07874162801890636	0.11156939739594232	0.032827769377035965	0.07874162801890636
153	distilbert-base-uncased	middle-aged adult vs older adult	7	M1	4	0.8	0.04271615033212585	0.06915379806887353	0.0264376477367477	0.042716150332125835
154	distilbert-base-uncased	middle-aged adult vs older adult	7	M1	5	0.8	0.15144047983339987	0.2821296342182904	0.13068915438489054	0.15144047983339987
155	distilbert-base-uncased	middle-aged adult vs older adult	7	M2	1	0.6666666666666666	0.026157146242136785	0.08130186265528509	0.05514471641314831	0.026157146242136782
156	distilbert-base-uncased	middle-aged adult vs older adult	7	M2	2	0.6666666666666666	0.009585282316644841	0.043807371774164446	0.03422208945751961	0.009585282316644836
157	distilbert-base-uncased	middle-aged adult vs older adult	7	M2	3	0.6666666666666666	0.04216722198664986	0.09935497917952789	0.05718775719287802	0.04216722198664987
158	distilbert-base-uncased	middle-aged adult vs older adult	7	M2	4	0.6666666666666666	0.020022982958228883	0.06537151881396612	0.045348535855737226	0.020022982958228894
159	distilbert-base-uncased	middle-aged adult vs older adult	7	M2	5	0.6666666666666666	-0.031969487487610145	0.1431408817879855	0.17511036927559565	-0.03196948748761014
160	distilbert-base-uncased	middle-aged adult vs older adult	7	M3	1	0.7777777777777778	0.041501260910687655	0.09340168181774461	0.05190042090705695	0.041501260910687655
161	distilbert-base-uncased	middle-aged adult vs older adult	7	M3	2	0.7777777777777778	0.037693730504543055	0.06559638919376687	0.027902658689223807	0.03769373050454306
162	distilbert-base-uncased	middle-aged adult vs older adult	7	M3	3	0.7777777777777778	0.09053671963758664	0.13416576321792992	0.04362904358034328	0.09053671963758664
163	distilbert-base-uncased	middle-aged adult vs older adult	7	M3	4	0.7777777777777778	0.06845526552933734	0.10516925990426289	0.036713994374925535	0.06845526552933735
164	distilbert-base-uncased	middle-aged adult vs older adult	7	M3	5	0.7777777777777778	0.02289972260283927	0.16934213375983134	0.14644241115699208	0.022899722602839262
165	distilbert-base-uncased	middle-aged adult vs older adult	7	M4	1	0.6666666666666666	0.03434749318694232	0.09661940649675667	0.06227191330981435	0.034347493186942316
166	distilbert-base-uncased	middle-aged adult vs older adult	7	M4	2	0.6666666666666666	0.02253630808506085	0.055144353359840616	0.032608045274779764	0.022536308085060852
167	distilbert-base-uncased	middle-aged adult vs older adult	7	M4	3	0.6666666666666666	0.03153118903234523	0.10042473824190283	0.06889354920955758	0.03153118903234525
168	distilbert-base-uncased	middle-aged adult vs older adult	7	M4	4	0.6666666666666666	0.038818946755782256	0.09219030202560435	0.05337135526982209	0.03881894675578226
169	distilbert-base-uncased	middle-aged adult vs older adult	7	M4	5	0.6666666666666666	0.002906036277029969	0.14096214360324663	0.13805610732621665	0.002906036277029983
170	distilbert-base-uncased	middle-aged adult vs older adult	7	M5	1	0.6904761904761905	0.03325255087353678	0.0763405402003194	0.043087989326782615	0.03325255087353678
171	distilbert-base-uncased	middle-aged adult vs older adult	7	M5	2	0.7857142857142857	0.046876257323241424	0.06933514115752626	0.022458883834284835	0.046876257323241424
172	distilbert-base-uncased	middle-aged adult vs older adult	7	M5	3	0.7142857142857143	0.0501725936846924	0.0876492804018198	0.037476686717127394	0.0501725936846924
173	distilbert-base-uncased	middle-aged adult vs older adult	7	M5	4	0.7619047619047619	0.035112082500009356	0.06812924004389923	0.033017157543889876	0.03511208250000935
174	distilbert-base-uncased	middle-aged adult vs older adult	7	M5	5	0.6666666666666666	0.039909897426176566	0.24477272597141558	0.20486282854523905	0.03990989742617654
175	distilbert-base-uncased	middle-aged adult vs older adult	7	M6	1	0.7142857142857143	0.03223402237407365	0.08248713862017858	0.05025311624610492	0.032234022374073655
176	distilbert-base-uncased	middle-aged adult vs older adult	7	M6	2	0.7142857142857143	0.021625477618207312	0.044890090210174045	0.023264612591966737	0.02162547761820731
177	distilbert-base-uncased	middle-aged adult vs older adult	7	M6	3	0.6428571428571429	0.046304898487246	0.08684485750200106	0.04053995901475506	0.046304898487246005
178	distilbert-base-uncased	middle-aged adult vs older adult	7	M6	4	0.7142857142857143	0.03245699786384649	0.06615335380255206	0.033696355938705576	0.03245699786384649
179	distilbert-base-uncased	middle-aged adult vs older adult	7	M6	5	0.7142857142857143	0.05565775764054186	0.2015521479313195	0.14589439029077764	0.05565775764054187
180	distilbert-base-uncased	middle-aged adult vs older adult	7	M7	1	0.7857142857142857	0.04552544042547068	0.08920711487735386	0.043681674451883166	0.045525440425470694
181	distilbert-base-uncased	middle-aged adult vs older adult	7	M7	2	0.7857142857142857	0.02980911829165833	0.048174281241309826	0.018365162949651494	0.029809118291658332
182	distilbert-base-uncased	middle-aged adult vs older adult	7	M7	3	0.6785714285714286	0.06717065577478415	0.1000975936918361	0.03292693791705195	0.06717065577478415
183	distilbert-base-uncased	middle-aged adult vs older adult	7	M7	4	0.7857142857142857	0.054078831442374006	0.08053584363889443	0.026457012196520434	0.054078831442374
184	distilbert-base-uncased	middle-aged adult vs older adult	7	M7	5	0.7857142857142857	0.12995037186764033	0.2535642745330863	0.12361390266544596	0.1299503718676403
185	distilbert-base-uncased	middle-aged adult vs older adult	7	M8	1	0.7325581395348837	0.045259600009114026	0.08842604772389462	0.04316644771478059	0.045259600009114026
186	distilbert-base-uncased	middle-aged adult vs older adult	7	M8	2	0.7558139534883721	0.03213295766570724	0.05358472169542053	0.02145176402971328	0.03213295766570725
187	distilbert-base-uncased	middle-aged adult vs older adult	7	M8	3	0.6976744186046512	0.057421253766860476	0.08481030442804732	0.027389050661186846	0.057421253766860476
188	distilbert-base-uncased	middle-aged adult vs older adult	7	M8	4	0.7325581395348837	0.049934618610402756	0.08156736816843388	0.03163274955803112	0.049934618610402756
189	distilbert-base-uncased	middle-aged adult vs older adult	7	M8	5	0.7209302325581395	0.05322908383603263	0.21785417706015256	0.16462509322411994	0.053229083836032615
190	distilbert-base-uncased	middle-aged adult vs older adult	7	M9	1	0.8	0.04016590263709077	0.08605525146776921	0.04588934883067845	0.04016590263709076
191	distilbert-base-uncased	middle-aged adult vs older adult	7	M9	2	0.8	0.0300374419290165	0.05096774276789797	0.02093030083888147	0.0300374419290165
192	distilbert-base-uncased	middle-aged adult vs older adult	7	M9	3	0.775	0.07363476174377867	0.10812745130406251	0.034492689560283854	0.07363476174377866
193	distilbert-base-uncased	middle-aged adult vs older adult	7	M9	4	0.775	0.061199315126032175	0.0977258535684086	0.036526538442376424	0.061199315126032175
194	distilbert-base-uncased	middle-aged adult vs older adult	7	M9	5	0.8	0.08221830680304268	0.21035412936762438	0.12813582256458173	0.08221830680304265
195	distilbert-base-uncased	young adult vs middle-aged adult	15	D1	1	0.3333333333333333	0.00466825668991079	0.08216210181126368	0.07749384512135289	0.004668256689910791
196	distilbert-base-uncased	young adult vs middle-aged adult	15	D1	2	0.3333333333333333	-0.0008418782551113149	0.045694264316504495	0.04653614257161581	-0.0008418782551113183
197	distilbert-base-uncased	young adult vs middle-aged adult	15	D1	3	0.3333333333333333	-0.03214530016460534	0.0669984195362	0.09914371970080534	-0.03214530016460533
198	distilbert-base-uncased	young adult vs middle-aged adult	15	D1	4	0.3333333333333333	-0.008743209856523463	0.05497515556635333	0.0637183654228768	-0.008743209856523472
199	distilbert-base-uncased	young adult vs middle-aged adult	15	D1	5	0.6666666666666666	-0.20675376957903305	0.1365741884025434	0.3433279579815765	-0.2067537695790331
200	distilbert-base-uncased	young adult vs middle-aged adult	15	D2	1	0.2	-0.06683933663007335	0.06599653357407075	0.1328358702041441	-0.06683933663007337
201	distilbert-base-uncased	young adult vs middle-aged adult	15	D2	2	0.2	-0.0517630544360145	0.03397811081085817	0.08574116524687267	-0.0517630544360145
202	distilbert-base-uncased	young adult vs middle-aged adult	15	D2	3	0.2	-0.1261520376909175	0.04388946146355007	0.1700414991544676	-0.1261520376909175
203	distilbert-base-uncased	young adult vs middle-aged adult	15	D2	4	0.2	-0.07800894612155387	0.03719467693008478	0.11520362305163864	-0.07800894612155386
204	distilbert-base-uncased	young adult vs middle-aged adult	15	D2	5	0.8	-0.08788171405903997	0.17766949604265386	0.26555121010169386	-0.08788171405904
205	distilbert-base-uncased	young adult vs middle-aged adult	15	D3	1	0.25	-0.05997299360933538	0.07630651417275654	0.1362795077820919	-0.059972993609335376
206	distilbert-base-uncased	young adult vs middle-aged adult	15	D3	2	0.25	-0.04561296765859879	0.040354803380978375	0.08596777103957717	-0.0456129676585988
207	distilbert-base-uncased	young adult vs middle-aged adult	15	D3	3	0.25	-0.11676610014455949	0.047985230525227913	0.1647513306697874	-0.11676610014455949
208	distilbert-base-uncased	young adult vs middle-aged adult	15	D3	4	0.25	-0.07434980558355161	0.04330005239899034	0.11764985798254195	-0.07434980558355161
209	distilbert-base-uncased	young adult vs middle-aged adult	15	D3	5	0.875	-0.022529861103976163	0.1899662926443852	0.21249615374836137	-0.022529861103976173
210	distilbert-base-uncased	young adult vs middle-aged adult	15	D4	1	0.2	-0.051638760723290024	0.06313414241885763	0.11477290314214765	-0.05163876072329002
211	distilbert-base-uncased	young adult vs middle-aged adult	15	D4	2	0.2	-0.04192188699817052	0.03259073770896063	0.07451262470713114	-0.04192188699817052
212	distilbert-base-uncased	young adult vs middle-aged adult	15	D4	3	0.2	-0.10518671955360334	0.0440464851853903	0.14923320473899362	-0.10518671955360333
213	distilbert-base-uncased	young adult vs middle-aged adult	15	D4	4	0.2	-0.06480033626721701	0.0365555840427987	0.10135592031001572	-0.06480033626721703
214	distilbert-base-uncased	young adult vs middle-aged adult	15	D4	5	0.8	-0.10854206173680725	0.1580601764377206	0.2666022381745279	-0.10854206173680728
215	distilbert-base-uncased	young adult vs middle-aged adult	15	M1	1	0.2	-0.05854503008304161	0.0572956545394845	0.11584068462252613	-0.05854503008304163
216	distilbert-base-uncased	young adult vs middle-aged adult	15	M1	2	0.2	-0.03876356003456748	0.039968079324171374	0.07873163935873886	-0.03876356003456749
217	distilbert-base-uncased	young adult vs middle-aged adult	15	M1	3	0.2	-0.14779806428123266	0.061863771299249457	0.2096618355804821	-0.14779806428123266
218	distilbert-base-uncased	young adult vs middle-aged adult	15	M1	4	0.2	-0.06104204563307575	0.03843996536452319	0.09948201099759894	-0.061042045633075755
219	distilbert-base-uncased	young adult vs middle-aged adult	15	M1	5	0.8	-0.06023694211617112	0.19452415583655233	0.25476109795272345	-0.060236942116171116
220	distilbert-base-uncased	young adult vs middle-aged adult	15	M2	1	0.3333333333333333	-0.024423755618045082	0.09411267152366536	0.11853642714171043	-0.02442375561804508
221	distilbert-base-uncased	young adult vs middle-aged adult	15	M2	2	0.3333333333333333	-0.022065510444614755	0.06255771221670628	0.08462322266132104	-0.022065510444614758
222	distilbert-base-uncased	young adult vs middle-aged adult	15	M2	3	0.3333333333333333	-0.0901347784298802	0.10472684249786346	0.19486162092774362	-0.09013477842988016
223	distilbert-base-uncased	young adult vs middle-aged adult	15	M2	4	0.3333333333333333	-0.03596815998995833	0.06521592695207795	0.10118408694203629	-0.03596815998995834
224	distilbert-base-uncased	young adult vs middle-aged adult	15	M2	5	1.0	0.15972714269688976	0.2526681564631872	0.09294101376629742	0.15972714269688976
225	distilbert-base-uncased	young adult vs middle-aged adult	15	M3	1	0.2222222222222222	-0.05279808041005809	0.09078053809288472	0.1435786185029428	-0.05279808041005807
226	distilbert-base-uncased	young adult vs middle-aged adult	15	M3	2	0.2222222222222222	-0.06557748009314918	0.053061149600479286	0.11863862969362847	-0.06557748009314918
227	distilbert-base-uncased	young adult vs middle-aged adult	15	M3	3	0.2222222222222222	-0.18109293202239013	0.07834652205282404	0.2594394540752141	-0.18109293202239007
228	distilbert-base-uncased	young adult vs middle-aged adult	15	M3	4	0.2222222222222222	-0.08780818926526184	0.05496461316296412	0.14277280242822596	-0.08780818926526185
229	distilbert-base-uncased	young adult vs middle-aged adult	15	M3	5	1.0	0.13915447853246912	0.24789397113232148	0.10873949259985234	0.13915447853246915
230	distilbert-base-uncased	young adult vs middle-aged adult	15	M4	1	0.3333333333333333	-0.055722651265872	0.0918884481846665	0.1476110994505385	-0.05572265126587199
231	distilbert-base-uncased	young adult vs middle-aged adult	15	M4	2	0.3333333333333333	-0.04543671089292426	0.059803902501395556	0.10524061339431982	-0.04543671089292427
232	distilbert-base-uncased	young adult vs middle-aged adult	15	M4	3	0.3333333333333333	-0.10433929662516073	0.11372434703904821	0.2180636436642089	-0.1043392966251607
233	distilbert-base-uncased	young adult vs middle-aged adult	15	M4	4	0.3333333333333333	-0.056099322229177545	0.06972108161426144	0.12582040384343898	-0.056099322229177545
234	distilbert-base-uncased	young adult vs middle-aged adult	15	M4	5	1.0	0.10900115879485388	0.1998793261979396	0.09087816740308574	0.10900115879485386
235	distilbert-base-uncased	young adult vs middle-aged adult	15	M5	1	0.30952380952380953	-0.045521038163445035	0.07394226098802473	0.11946329915146976	-0.045521038163445035
236	distilbert-base-uncased	young adult vs middle-aged adult	15	M5	2	0.21428571428571427	-0.0710973091629837	0.04173492573577923	0.11283223489876294	-0.07109730916298371
237	distilbert-base-uncased	young adult vs middle-aged adult	15	M5	3	0.21428571428571427	-0.11673373094319166	0.07193730965567127	0.18867104059886297	-0.1167337309431917
238	distilbert-base-uncased	young adult vs middle-aged adult	15	M5	4	0.21428571428571427	-0.055097592607559094	0.04701652774106363	0.10211412034862272	-0.05509759260755909
239	distilbert-base-uncased	young adult vs middle-aged adult	15	M5	5	0.8809523809523809	0.06902637029928711	0.27950036621630364	0.21047399591701654	0.0690263702992871
240	distilbert-base-uncased	young adult vs middle-aged adult	15	M6	1	0.2857142857142857	-0.03681981702642849	0.0894265285138057	0.12624634554023417	-0.036819817026428475
241	distilbert-base-uncased	young adult vs middle-aged adult	15	M6	2	0.2857142857142857	-0.03564573367501519	0.04902655602355866	0.08467228969857385	-0.03564573367501519
242	distilbert-base-uncased	young adult vs middle-aged adult	15	M6	3	0.2857142857142857	-0.09998881017210288	0.0868340330073676	0.18682284317947048	-0.09998881017210288
243	distilbert-base-uncased	young adult vs middle-aged adult	15	M6	4	0.2857142857142857	-0.04545572743934047	0.05477797576895678	0.10023370320829725	-0.04545572743934047
244	distilbert-base-uncased	young adult vs middle-aged adult	15	M6	5	0.9285714285714286	0.06161863052070008	0.21853607931240857	0.1569174487917085	0.061618630520700074
245	distilbert-base-uncased	young adult vs middle-aged adult	15	M7	1	0.21428571428571427	-0.07020167629993272	0.07691508697046492	0.14711676327039766	-0.07020167629993274
246	distilbert-base-uncased	young adult vs middle-aged adult	15	M7	2	0.21428571428571427	-0.05613963541249438	0.03936944769884572	0.0955090831113401	-0.05613963541249438
247	distilbert-base-uncased	young adult vs middle-aged adult	15	M7	3	0.21428571428571427	-0.14640366835971824	0.06898424921304723	0.21538791757276546	-0.14640366835971824
248	distilbert-base-uncased	young adult vs middle-aged adult	15	M7	4	0.21428571428571427	-0.0811348685341987	0.04406086853539034	0.12519573706958906	-0.08113486853419871
249	distilbert-base-uncased	young adult vs middle-aged adult	15	M7	5	0.8571428571428571	-0.0028106529269799926	0.20481685521787893	0.20762750814485892	-0.0028106529269799896
250	distilbert-base-uncased	young adult vs middle-aged adult	15	M8	1	0.26744186046511625	-0.061526637881226726	0.07987270284096197	0.14139934072218868	-0.06152663788122671
251	distilbert-base-uncased	young adult vs middle-aged adult	15	M8	2	0.2441860465116279	-0.05172282835473049	0.052639135585957016	0.1043619639406875	-0.051722828354730487
252	distilbert-base-uncased	young adult vs middle-aged adult	15	M8	3	0.2441860465116279	-0.1245884415605593	0.07330397920160846	0.19789242076216773	-0.12458844156055927
253	distilbert-base-uncased	young adult vs middle-aged adult	15	M8	4	0.2441860465116279	-0.06744868549072254	0.05833742113751463	0.12578610662823717	-0.06744868549072253
254	distilbert-base-uncased	young adult vs middle-aged adult	15	M8	5	0.8953488372093024	0.06433290648504247	0.24058882413136898	0.1762559176463265	0.06433290648504247
255	distilbert-base-uncased	young adult vs middle-aged adult	15	M9	1	0.2	-0.06239725906270906	0.08032937328207476	0.14272663234478383	-0.06239725906270907
256	distilbert-base-uncased	young adult vs middle-aged adult	15	M9	2	0.2	-0.05971042323535584	0.04152161518522913	0.10123203842058497	-0.05971042323535584
257	distilbert-base-uncased	young adult vs middle-aged adult	15	M9	3	0.2	-0.1623584916037544	0.0708434189904437	0.2332019105941981	-0.16235849160375437
258	distilbert-base-uncased	young adult vs middle-aged adult	15	M9	4	0.2	-0.09077066594873032	0.05670425157659333	0.14747491752532366	-0.09077066594873032
259	distilbert-base-uncased	young adult vs middle-aged adult	15	M9	5	0.9	0.061433092154038624	0.21921159218763928	0.15777850003360067	0.06143309215403861
260	distilbert-base-uncased	young adult vs middle-aged adult	2	D1	1	0.3333333333333333	0.019814872551554178	0.06334446195008539	0.04352958939853121	0.01981487255155418
261	distilbert-base-uncased	young adult vs middle-aged adult	2	D1	2	0.3333333333333333	-0.0014989499322837017	0.017472180668846666	0.018971130601130367	-0.001498949932283701
262	distilbert-base-uncased	young adult vs middle-aged adult	2	D1	3	0.3333333333333333	-0.01227747954544608	0.028552743877905084	0.040830223423351165	-0.012277479545446082
263	distilbert-base-uncased	young adult vs middle-aged adult	2	D1	4	0.3333333333333333	-0.016132611606735733	0.03501380859718963	0.05114642020392537	-0.016132611606735736
264	distilbert-base-uncased	young adult vs middle-aged adult	2	D1	5	0.3333333333333333	-0.23981645612123736	0.11328619701089333	0.3531026531321307	-0.23981645612123736
265	distilbert-base-uncased	young adult vs middle-aged adult	2	D2	1	0.2	-0.025330236216541402	0.04998065530671732	0.07531089152325872	-0.025330236216541402
266	distilbert-base-uncased	young adult vs middle-aged adult	2	D2	2	0.2	-0.02336554560170042	0.014251774430158497	0.03761732003185892	-0.023365545601700424
267	distilbert-base-uncased	young adult vs middle-aged adult	2	D2	3	0.2	-0.050986073497915604	0.0220766689511947	0.07306274244911032	-0.05098607349791562
268	distilbert-base-uncased	young adult vs middle-aged adult	2	D2	4	0.2	-0.06593015477410516	0.02509946978534567	0.09102962455945084	-0.06593015477410516
269	distilbert-base-uncased	young adult vs middle-aged adult	2	D2	5	0.2	-0.22234500424819997	0.09472702302155081	0.3170720272697508	-0.2223450042482
270	distilbert-base-uncased	young adult vs middle-aged adult	2	D3	1	0.25	-0.02844589321466628	0.05312734242397704	0.08157323563864333	-0.028445893214666285
271	distilbert-base-uncased	young adult vs middle-aged adult	2	D3	2	0.25	-0.02320158586917388	0.015389769023386119	0.03859135489256	-0.023201585869173882
272	distilbert-base-uncased	young adult vs middle-aged adult	2	D3	3	0.25	-0.040410866185993655	0.02259014490118711	0.06300101108718076	-0.04041086618599365
273	distilbert-base-uncased	young adult vs middle-aged adult	2	D3	4	0.25	-0.058155162168986856	0.027137656252307293	0.08529281842129414	-0.05815516216898685
274	distilbert-base-uncased	young adult vs middle-aged adult	2	D3	5	0.25	-0.156052950063895	0.11664815969561455	0.2727011097595095	-0.15605295006389497
275	distilbert-base-uncased	young adult vs middle-aged adult	2	D4	1	0.2	-0.020439424051437526	0.047613134206039784	0.0680525582574773	-0.02043942405143752
276	distilbert-base-uncased	young adult vs middle-aged adult	2	D4	2	0.2	-0.01808701203262899	0.01414999043045095	0.032237002463079936	-0.018087012032628986
277	distilbert-base-uncased	young adult vs middle-aged adult	2	D4	3	0.2	-0.03468709566514007	0.02254653067793693	0.05723362634307701	-0.034687095665140076
278	distilbert-base-uncased	young adult vs middle-aged adult	2	D4	4	0.2	-0.04979707928141579	0.02433131148573005	0.07412839076714585	-0.0497970792814158
279	distilbert-base-uncased	young adult vs middle-aged adult	2	D4	5	0.2	-0.22744197213323786	0.08877616495592516	0.316218137089163	-0.22744197213323786
280	distilbert-base-uncased	young adult vs middle-aged adult	2	M1	1	0.2	-0.04068566358764657	0.03696505305706518	0.07765071664471176	-0.04068566358764659
281	distilbert-base-uncased	young adult vs middle-aged adult	2	M1	2	0.2	-0.01759596470510585	0.01808083758805875	0.0356768022931646	-0.017595964705105847
282	distilbert-base-uncased	young adult vs middle-aged adult	2	M1	3	0.4	-0.06559193651191889	0.03342874876689163	0.09902068527881051	-0.06559193651191889
283	distilbert-base-uncased	young adult vs middle-aged adult	2	M1	4	0.2	-0.04090520935133099	0.027722425502724912	0.0686276348540559	-0.04090520935133099
284	distilbert-base-uncased	young adult vs middle-aged adult	2	M1	5	0.2	-0.18467670332174743	0.10419428988825527	0.28887099321000276	-0.1846767033217475
285	distilbert-base-uncased	young adult vs middle-aged adult	2	M2	1	0.3333333333333333	-0.029043507723448176	0.06016674614511425	0.08921025386856242	-0.029043507723448173
286	distilbert-base-uncased	young adult vs middle-aged adult	2	M2	2	0.3333333333333333	-0.014875636989017975	0.03120784402320466	0.04608348101222263	-0.01487563698901797
287	distilbert-base-uncased	young adult vs middle-aged adult	2	M2	3	0.3333333333333333	-0.04943898605900663	0.05939679578295903	0.10883578184196567	-0.04943898605900664
288	distilbert-base-uncased	young adult vs middle-aged adult	2	M2	4	0.3333333333333333	-0.03239357568963899	0.052904212769741756	0.08529778845938076	-0.032393575689639
289	distilbert-base-uncased	young adult vs middle-aged adult	2	M2	5	0.3333333333333333	-0.012575685948831966	0.1580507307759641	0.17062641672479606	-0.01257568594883196
290	distilbert-base-uncased	young adult vs middle-aged adult	2	M3	1	0.2222222222222222	-0.044751166724987954	0.0558354465109813	0.10058661323596925	-0.04475116672498795
291	distilbert-base-uncased	young adult vs middle-aged adult	2	M3	2	0.2222222222222222	-0.04089970603106649	0.0257812063921139	0.06668091242318039	-0.04089970603106649
292	distilbert-base-uncased	young adult vs middle-aged adult	2	M3	3	0.2222222222222222	-0.09156334106875066	0.04404133666927611	0.13560467773802676	-0.09156334106875065
293	distilbert-base-uncased	young adult vs middle-aged adult	2	M3	4	0.2222222222222222	-0.08816342679266301	0.039246113686304915	0.1274095404789679	-0.088163426792663
294	distilbert-base-uncased	young adult vs middle-aged adult	2	M3	5	0.2222222222222222	-0.0709679237722109	0.12675606914692453	0.1977239929191354	-0.07096792377221087
295	distilbert-base-uncased	young adult vs middle-aged adult	2	M4	1	0.3333333333333333	-0.029208664229372513	0.07045883708633477	0.09966750131570729	-0.029208664229372516
296	distilbert-base-uncased	young adult vs middle-aged adult	2	M4	2	0.3333333333333333	-0.024593307968946987	0.029853954930634485	0.05444726289958147	-0.024593307968946983
297	distilbert-base-uncased	young adult vs middle-aged adult	2	M4	3	0.3333333333333333	-0.03105335821358801	0.0659961150377057	0.0970494732512937	-0.03105335821358801
298	distilbert-base-uncased	young adult vs middle-aged adult	2	M4	4	0.3333333333333333	-0.0525789255091998	0.05832535515946797	0.11090428066866777	-0.0525789255091998
299	distilbert-base-uncased	young adult vs middle-aged adult	2	M4	5	0.3333333333333333	-0.040211833353775255	0.1267832522668565	0.16699508562063173	-0.040211833353775234
300	distilbert-base-uncased	young adult vs middle-aged adult	2	M5	1	0.30952380952380953	-0.03181398497708003	0.0502504303746848	0.08206441535176483	-0.031813984977080025
301	distilbert-base-uncased	young adult vs middle-aged adult	2	M5	2	0.21428571428571427	-0.05833815919634487	0.02218151753394128	0.08051967673028615	-0.05833815919634487
302	distilbert-base-uncased	young adult vs middle-aged adult	2	M5	3	0.2857142857142857	-0.05288942639544118	0.03886371547733207	0.09175314187277325	-0.05288942639544118
303	distilbert-base-uncased	young adult vs middle-aged adult	2	M5	4	0.21428571428571427	-0.04830182347290074	0.0380915850497937	0.08639340852269445	-0.04830182347290075
304	distilbert-base-uncased	young adult vs middle-aged adult	2	M5	5	0.30952380952380953	-0.0731154554052323	0.1964054037096156	0.2695208591148479	-0.07311545540523232
305	distilbert-base-uncased	young adult vs middle-aged adult	2	M6	1	0.2857142857142857	-0.028038526196594044	0.05853862051818782	0.08657714671478187	-0.028038526196594048
306	distilbert-base-uncased	young adult vs middle-aged adult	2	M6	2	0.2857142857142857	-0.02427322690709844	0.022510573257022718	0.04678380016412116	-0.024273226907098443
307	distilbert-base-uncased	young adult vs middle-aged adult	2	M6	3	0.35714285714285715	-0.05082094661026663	0.041160937551467165	0.09198188416173379	-0.05082094661026663
308	distilbert-base-uncased	young adult vs middle-aged adult	2	M6	4	0.2857142857142857	-0.04625286023344545	0.03878658693637196	0.08503944716981741	-0.04625286023344546
309	distilbert-base-uncased	young adult vs middle-aged adult	2	M6	5	0.2857142857142857	-0.09812868313435631	0.1320401423966229	0.23016882553097923	-0.09812868313435633
310	distilbert-base-uncased	young adult vs middle-aged adult	2	M7	1	0.21428571428571427	-0.045889258811907245	0.051096475098997174	0.09698573391090441	-0.04588925881190724
311	distilbert-base-uncased	young adult vs middle-aged adult	2	M7	2	0.21428571428571427	-0.03154132844377143	0.018904507774485425	0.05044583621825686	-0.03154132844377143
312	distilbert-base-uncased	young adult vs middle-aged adult	2	M7	3	0.32142857142857145	-0.06772023086419462	0.035024255525578495	0.10274448638977314	-0.06772023086419465
313	distilbert-base-uncased	young adult vs middle-aged adult	2	M7	4	0.21428571428571427	-0.06556430861071151	0.03261313402409927	0.09817744263481079	-0.06556430861071152
314	distilbert-base-uncased	young adult vs middle-aged adult	2	M7	5	0.21428571428571427	-0.1605463240422458	0.11682071721276896	0.27736704125501477	-0.1605463240422458
315	distilbert-base-uncased	young adult vs middle-aged adult	2	M8	1	0.26744186046511625	-0.03760906691012531	0.051024746115259825	0.08863381302538513	-0.037609066910125305
316	distilbert-base-uncased	young adult vs middle-aged adult	2	M8	2	0.2441860465116279	-0.034476529486202584	0.022166317924254712	0.056642847410457296	-0.034476529486202584
317	distilbert-base-uncased	young adult vs middle-aged adult	2	M8	3	0.27906976744186046	-0.05548085490963151	0.03054483887552669	0.0860256937851582	-0.05548085490963151
318	distilbert-base-uncased	young adult vs middle-aged adult	2	M8	4	0.2441860465116279	-0.05738877749197771	0.03663377023672919	0.09402254772870688	-0.0573887774919777
319	distilbert-base-uncased	young adult vs middle-aged adult	2	M8	5	0.26744186046511625	-0.08653345621555779	0.15598078239198127	0.24251423860753904	-0.08653345621555777
320	distilbert-base-uncased	young adult vs middle-aged adult	2	M9	1	0.225	-0.03449649017165941	0.05379840287350811	0.08829489304516752	-0.034496490171659414
321	distilbert-base-uncased	young adult vs middle-aged adult	2	M9	2	0.2	-0.028669336835991998	0.021811226946920167	0.05048056378291217	-0.028669336835992005
322	distilbert-base-uncased	young adult vs middle-aged adult	2	M9	3	0.225	-0.07029799563388225	0.036418399496324076	0.10671639513020632	-0.07029799563388225
323	distilbert-base-uncased	young adult vs middle-aged adult	2	M9	4	0.2	-0.07062606752369903	0.039792197210044775	0.1104182647337438	-0.07062606752369903
324	distilbert-base-uncased	young adult vs middle-aged adult	2	M9	5	0.2	-0.12708303646650165	0.10904266441648355	0.2361257008829852	-0.12708303646650165
325	distilbert-base-uncased	young adult vs middle-aged adult	7	D1	1	0.3333333333333333	0.008537226846480403	0.0589666613232111	0.0504294344767307	0.008537226846480402
326	distilbert-base-uncased	young adult vs middle-aged adult	7	D1	2	0.3333333333333333	-0.0056417497301784825	0.015672975530226983	0.021314725260405464	-0.005641749730178482
327	distilbert-base-uncased	young adult vs middle-aged adult	7	D1	3	0.3333333333333333	-0.014949245858588233	0.025257826176433167	0.0402070720350214	-0.014949245858588232
328	distilbert-base-uncased	young adult vs middle-aged adult	7	D1	4	0.3333333333333333	-0.014182419894495965	0.03174499411640373	0.0459274140108997	-0.014182419894495965
329	distilbert-base-uncased	young adult vs middle-aged adult	7	D1	5	0.3333333333333333	-0.22027350088562037	0.11096476752330392	0.3312382684089243	-0.22027350088562037
330	distilbert-base-uncased	young adult vs middle-aged adult	7	D2	1	0.2	-0.03825020115764348	0.043157650358625635	0.08140785151626911	-0.03825020115764348
331	distilbert-base-uncased	young adult vs middle-aged adult	7	D2	2	0.2	-0.02824581057066099	0.011700325296260371	0.03994613586692136	-0.02824581057066099
332	distilbert-base-uncased	young adult vs middle-aged adult	7	D2	3	0.2	-0.05366510020976421	0.017147298841155078	0.07081239905091931	-0.05366510020976423
333	distilbert-base-uncased	young adult vs middle-aged adult	7	D2	4	0.2	-0.05827462172019295	0.02074795342632564	0.07902257514651859	-0.058274621720192946
334	distilbert-base-uncased	young adult vs middle-aged adult	7	D2	5	0.2	-0.18324283578840547	0.10100852545874654	0.28425136124715206	-0.1832428357884055
335	distilbert-base-uncased	young adult vs middle-aged adult	7	D3	1	0.25	-0.042632843089450034	0.047636651537686654	0.09026949462713668	-0.04263284308945003
336	distilbert-base-uncased	young adult vs middle-aged adult	7	D3	2	0.25	-0.029058342091957474	0.012520163942099262	0.04157850603405674	-0.029058342091957477
337	distilbert-base-uncased	young adult vs middle-aged adult	7	D3	3	0.25	-0.04794798849434302	0.01648401524107607	0.06443200373541909	-0.04794798849434302
338	distilbert-base-uncased	young adult vs middle-aged adult	7	D3	4	0.25	-0.05256232774991077	0.02363603849153147	0.07619836624144224	-0.05256232774991078
339	distilbert-base-uncased	young adult vs middle-aged adult	7	D3	5	0.25	-0.1273795238939783	0.1163980042783805	0.24377752817235881	-0.12737952389397833
340	distilbert-base-uncased	young adult vs middle-aged adult	7	D4	1	0.2	-0.031255212178803046	0.04132226783840447	0.07257748001720751	-0.031255212178803046
341	distilbert-base-uncased	young adult vs middle-aged adult	7	D4	2	0.2	-0.02267725189449266	0.01135055923368778	0.034027811128180444	-0.022677251894492663
342	distilbert-base-uncased	young adult vs middle-aged adult	7	D4	3	0.2	-0.03979826729337217	0.01729594543867275	0.05709421273204492	-0.03979826729337217
343	distilbert-base-uncased	young adult vs middle-aged adult	7	D4	4	0.2	-0.043727942966506804	0.02047035203722767	0.06419829500373447	-0.043727942966506804
344	distilbert-base-uncased	young adult vs middle-aged adult	7	D4	5	0.2	-0.20126844641927163	0.08843642093997911	0.2897048673592507	-0.2012684464192716
345	distilbert-base-uncased	young adult vs middle-aged adult	7	M1	1	0.2	-0.05442148288711903	0.03484031821135427	0.08926180109847331	-0.054421482887119045
346	distilbert-base-uncased	young adult vs middle-aged adult	7	M1	2	0.2	-0.02791031287633815	0.01773327732807951	0.04564359020441766	-0.02791031287633815
347	distilbert-base-uncased	young adult vs middle-aged adult	7	M1	3	0.2	-0.08011386942816899	0.03145552796777333	0.11156939739594232	-0.08011386942816899
348	distilbert-base-uncased	young adult vs middle-aged adult	7	M1	4	0.2	-0.044182570316479555	0.02497122775239399	0.06915379806887353	-0.04418257031647954
349	distilbert-base-uncased	young adult vs middle-aged adult	7	M1	5	0.2	-0.16202082542004065	0.12010880879824977	0.2821296342182904	-0.16202082542004065
350	distilbert-base-uncased	young adult vs middle-aged adult	7	M2	1	0.3333333333333333	-0.023678662245705123	0.057623200409579974	0.08130186265528509	-0.02367866224570512
351	distilbert-base-uncased	young adult vs middle-aged adult	7	M2	2	0.3333333333333333	-0.014396924008906346	0.0294104477652581	0.043807371774164446	-0.014396924008906346
352	distilbert-base-uncased	young adult vs middle-aged adult	7	M2	3	0.3333333333333333	-0.04544394905193864	0.05391103012758924	0.09935497917952789	-0.045443949051938645
353	distilbert-base-uncased	young adult vs middle-aged adult	7	M2	4	0.3333333333333333	-0.02292103166109884	0.042450487152867276	0.06537151881396612	-0.022921031661098844
354	distilbert-base-uncased	young adult vs middle-aged adult	7	M2	5	0.5	0.021858339416212427	0.16499922120419794	0.1431408817879855	0.02185833941621243
355	distilbert-base-uncased	young adult vs middle-aged adult	7	M3	1	0.2222222222222222	-0.039197289965361246	0.05420439185238336	0.09340168181774461	-0.039197289965361246
356	distilbert-base-uncased	young adult vs middle-aged adult	7	M3	2	0.2222222222222222	-0.040273666592838715	0.025322722600928146	0.06559638919376687	-0.04027366659283872
357	distilbert-base-uncased	young adult vs middle-aged adult	7	M3	3	0.2222222222222222	-0.09164208142060995	0.04252368179731997	0.13416576321792992	-0.09164208142060995
358	distilbert-base-uncased	young adult vs middle-aged adult	7	M3	4	0.2222222222222222	-0.07015719958952912	0.035012060314733744	0.10516925990426289	-0.07015719958952915
359	distilbert-base-uncased	young adult vs middle-aged adult	7	M3	5	0.3333333333333333	-0.028704136838011127	0.14063799692182022	0.16934213375983134	-0.028704136838011124
360	distilbert-base-uncased	young adult vs middle-aged adult	7	M4	1	0.3333333333333333	-0.03252222024699828	0.0640971862497584	0.09661940649675667	-0.032522220246998274
361	distilbert-base-uncased	young adult vs middle-aged adult	7	M4	2	0.3333333333333333	-0.027587229931668872	0.02755712342817174	0.055144353359840616	-0.027587229931668875
362	distilbert-base-uncased	young adult vs middle-aged adult	7	M4	3	0.3333333333333333	-0.03646006492393401	0.0639646733179688	0.10042473824190283	-0.03646006492393403
363	distilbert-base-uncased	young adult vs middle-aged adult	7	M4	4	0.3333333333333333	-0.04160967437807511	0.05058062764752924	0.09219030202560435	-0.04160967437807511
364	distilbert-base-uncased	young adult vs middle-aged adult	7	M4	5	0.3333333333333333	-0.015255298664366512	0.1257068449388801	0.14096214360324663	-0.015255298664366534
365	distilbert-base-uncased	young adult vs middle-aged adult	7	M5	1	0.30952380952380953	-0.031329737025295075	0.04501080317502432	0.0763405402003194	-0.031329737025295075
366	distilbert-base-uncased	young adult vs middle-aged adult	7	M5	2	0.21428571428571427	-0.04973186721257491	0.01960327394495136	0.06933514115752626	-0.0497318672125749
367	distilbert-base-uncased	young adult vs middle-aged adult	7	M5	3	0.23809523809523808	-0.05174696007521734	0.035902320326602455	0.0876492804018198	-0.05174696007521734
368	distilbert-base-uncased	young adult vs middle-aged adult	7	M5	4	0.23809523809523808	-0.03617413451363627	0.03195510553026295	0.06812924004389923	-0.036174134513636276
369	distilbert-base-uncased	young adult vs middle-aged adult	7	M5	5	0.3333333333333333	-0.04656405531083389	0.1982086706605817	0.24477272597141558	-0.04656405531083388
370	distilbert-base-uncased	young adult vs middle-aged adult	7	M6	1	0.2857142857142857	-0.02894379594363274	0.05354334267654585	0.08248713862017858	-0.02894379594363273
371	distilbert-base-uncased	young adult vs middle-aged adult	7	M6	2	0.2857142857142857	-0.024580997316921382	0.020309092893252664	0.044890090210174045	-0.024580997316921382
372	distilbert-base-uncased	young adult vs middle-aged adult	7	M6	3	0.2857142857142857	-0.04817461806773541	0.03867023943426565	0.08684485750200106	-0.04817461806773541
373	distilbert-base-uncased	young adult vs middle-aged adult	7	M6	4	0.2857142857142857	-0.033608774577130275	0.032544579225421796	0.06615335380255206	-0.03360877457713027
374	distilbert-base-uncased	young adult vs middle-aged adult	7	M6	5	0.32142857142857145	-0.06568009913098648	0.13587204880033302	0.2015521479313195	-0.06568009913098649
375	distilbert-base-uncased	young adult vs middle-aged adult	7	M7	1	0.21428571428571427	-0.04500082218094447	0.04420629269640939	0.08920711487735386	-0.04500082218094447
376	distilbert-base-uncased	young adult vs middle-aged adult	7	M7	2	0.21428571428571427	-0.03238913707848822	0.0157851441628216	0.048174281241309826	-0.03238913707848823
377	distilbert-base-uncased	young adult vs middle-aged adult	7	M7	3	0.32142857142857145	-0.0694347980404148	0.030662795651421295	0.1000975936918361	-0.0694347980404148
378	distilbert-base-uncased	young adult vs middle-aged adult	7	M7	4	0.21428571428571427	-0.05537436221987135	0.025161481419023086	0.08053584363889443	-0.05537436221987135
379	distilbert-base-uncased	young adult vs middle-aged adult	7	M7	5	0.21428571428571427	-0.13682982546743008	0.11673444906565622	0.2535642745330863	-0.13682982546743006
380	distilbert-base-uncased	young adult vs middle-aged adult	7	M8	1	0.26744186046511625	-0.04418316638737791	0.044242881336516715	0.08842604772389462	-0.044183166387377903
381	distilbert-base-uncased	young adult vs middle-aged adult	7	M8	2	0.2441860465116279	-0.03399440559536912	0.019590316100051408	0.05358472169542053	-0.03399440559536912
382	distilbert-base-uncased	young adult vs middle-aged adult	7	M8	3	0.2441860465116279	-0.057650298838737846	0.02716000558930948	0.08481030442804732	-0.057650298838737846
383	distilbert-base-uncased	young adult vs middle-aged adult	7	M8	4	0.2441860465116279	-0.04974534412310257	0.03182202404533131	0.08156736816843388	-0.04974534412310257
384	distilbert-base-uncased	young adult vs middle-aged adult	7	M8	5	0.27906976744186046	-0.060468759857623046	0.15738541720252952	0.21785417706015256	-0.06046875985762304
385	distilbert-base-uncased	young adult vs middle-aged adult	7	M9	1	0.2	-0.04017098740368964	0.04588426406407957	0.08605525146776921	-0.04017098740368964
386	distilbert-base-uncased	young adult vs middle-aged adult	7	M9	2	0.2	-0.03267563260833413	0.01829211015956384	0.05096774276789797	-0.03267563260833413
387	distilbert-base-uncased	young adult vs middle-aged adult	7	M9	3	0.225	-0.07464762711551884	0.03347982418854367	0.10812745130406251	-0.07464762711551884
388	distilbert-base-uncased	young adult vs middle-aged adult	7	M9	4	0.225	-0.062283676160495835	0.035442177407912764	0.0977258535684086	-0.062283676160495835
389	distilbert-base-uncased	young adult vs middle-aged adult	7	M9	5	0.2	-0.08992632775007225	0.12042780161755214	0.21035412936762438	-0.08992632775007224
390	distilbert-base-uncased	young adult vs older adult	15	D1	1	0.0	-0.009276371133940595	0.08216210181126368	0.09143847294520428	-0.0092763711339406
391	distilbert-base-uncased	young adult vs older adult	15	D1	2	0.0	-0.012414144293870734	0.045694264316504495	0.05810840861037523	-0.012414144293870735
392	distilbert-base-uncased	young adult vs older adult	15	D1	3	0.3333333333333333	-0.012651194051917017	0.0669984195362	0.07964961358811702	-0.012651194051917017
393	distilbert-base-uncased	young adult vs older adult	15	D1	4	0.3333333333333333	-0.009249018155969674	0.05497515556635333	0.06422417372232302	-0.009249018155969686
394	distilbert-base-uncased	young adult vs older adult	15	D1	5	0.3333333333333333	-0.00996380997821689	0.1365741884025434	0.1465379983807603	-0.009963809978216887
395	distilbert-base-uncased	young adult vs older adult	15	D2	1	0.0	-0.006140060254256236	0.06599653357407075	0.07213659382832699	-0.006140060254256244
396	distilbert-base-uncased	young adult vs older adult	15	D2	2	0.2	-0.0074685763451270495	0.03397811081085817	0.04144668715598522	-0.0074685763451270495
397	distilbert-base-uncased	young adult vs older adult	15	D2	3	0.6	-0.007309172052191561	0.04388946146355007	0.05119863351574163	-0.007309172052191559
398	distilbert-base-uncased	young adult vs older adult	15	D2	4	0.6	-0.005299262795597304	0.03719467693008478	0.04249393972568209	-0.005299262795597309
399	distilbert-base-uncased	young adult vs older adult	15	D2	5	0.6	0.0010203624377027132	0.17766949604265386	0.17664913360495116	0.0010203624377027043
400	distilbert-base-uncased	young adult vs older adult	15	D3	1	0.0	-0.005471571521411544	0.07630651417275654	0.08177808569416808	-0.005471571521411547
401	distilbert-base-uncased	young adult vs older adult	15	D3	2	0.125	-0.00906159060104981	0.040354803380978375	0.049416393982028184	-0.009061590601049808
402	distilbert-base-uncased	young adult vs older adult	15	D3	3	0.625	-0.006809018417698108	0.047985230525227913	0.05479424894292602	-0.006809018417698105
403	distilbert-base-uncased	young adult vs older adult	15	D3	4	0.625	-0.005663090894813641	0.04330005239899034	0.04896314329380398	-0.005663090894813642
404	distilbert-base-uncased	young adult vs older adult	15	D3	5	0.625	-0.002250908029964192	0.1899662926443852	0.1922172006743494	-0.0022509080299641937
405	distilbert-base-uncased	young adult vs older adult	15	D4	1	0.0	-0.005887801662902347	0.06313414241885763	0.06902194408175998	-0.005887801662902342
406	distilbert-base-uncased	young adult vs older adult	15	D4	2	0.2	-0.00747981908498329	0.03259073770896063	0.04007055679394392	-0.00747981908498329
407	distilbert-base-uncased	young adult vs older adult	15	D4	3	0.6	-0.007224580115871511	0.0440464851853903	0.05127106530126181	-0.007224580115871515
408	distilbert-base-uncased	young adult vs older adult	15	D4	4	0.6	-0.005460095824673765	0.0365555840427987	0.04201567986747247	-0.005460095824673772
409	distilbert-base-uncased	young adult vs older adult	15	D4	5	0.6	0.00287160989828407	0.1580601764377206	0.15518856653943652	0.002871609898284083
410	distilbert-base-uncased	young adult vs older adult	15	M1	1	0.4	-0.0009767897077836009	0.0572956545394845	0.058272444247268095	-0.0009767897077835944
411	distilbert-base-uncased	young adult vs older adult	15	M1	2	0.4	-0.004216085821099111	0.039968079324171374	0.04418416514527049	-0.004216085821099114
412	distilbert-base-uncased	young adult vs older adult	15	M1	3	0.4	-0.007483518944354712	0.061863771299249457	0.06934729024360417	-0.007483518944354714
413	distilbert-base-uncased	young adult vs older adult	15	M1	4	0.6	-0.007065912202233421	0.03843996536452319	0.04550587756675661	-0.007065912202233418
414	distilbert-base-uncased	young adult vs older adult	15	M1	5	0.6	0.0009062843397259574	0.19452415583655233	0.19361787149682638	0.000906284339725949
415	distilbert-base-uncased	young adult vs older adult	15	M2	1	0.6666666666666666	-0.004119418328627945	0.09411267152366536	0.0982320898522933	-0.004119418328627944
416	distilbert-base-uncased	young adult vs older adult	15	M2	2	0.16666666666666666	-0.012379146976551668	0.06255771221670628	0.07493685919325795	-0.012379146976551667
417	distilbert-base-uncased	young adult vs older adult	15	M2	3	0.6666666666666666	-0.017268064111704017	0.10472684249786346	0.12199490660956747	-0.017268064111704007
418	distilbert-base-uncased	young adult vs older adult	15	M2	4	0.6666666666666666	-0.013429791196055392	0.06521592695207795	0.07864571814813336	-0.013429791196055405
419	distilbert-base-uncased	young adult vs older adult	15	M2	5	0.6666666666666666	0.0012556257424876278	0.2526681564631872	0.2514125307206996	0.0012556257424876094
420	distilbert-base-uncased	young adult vs older adult	15	M3	1	0.3333333333333333	-0.00305378457738293	0.09078053809288472	0.09383432267026764	-0.003053784577382923
421	distilbert-base-uncased	young adult vs older adult	15	M3	2	0.6666666666666666	-0.009065851737331173	0.053061149600479286	0.062127001337810475	-0.009065851737331189
422	distilbert-base-uncased	young adult vs older adult	15	M3	3	0.7777777777777778	-0.009424327174201615	0.07834652205282404	0.08777084922702566	-0.009424327174201622
423	distilbert-base-uncased	young adult vs older adult	15	M3	4	0.7777777777777778	-0.009178354236711235	0.05496461316296412	0.06414296739967534	-0.009178354236711227
424	distilbert-base-uncased	young adult vs older adult	15	M3	5	0.7777777777777778	0.005356981328481614	0.24789397113232148	0.24253698980383984	0.0053569813284816414
425	distilbert-base-uncased	young adult vs older adult	15	M4	1	0.16666666666666666	-0.010742505507854131	0.0918884481846665	0.10263095369252062	-0.01074250550785412
426	distilbert-base-uncased	young adult vs older adult	15	M4	2	0.5	-0.016169210779480633	0.059803902501395556	0.07597311328087618	-0.016169210779480622
427	distilbert-base-uncased	young adult vs older adult	15	M4	3	0.6666666666666666	-0.02304616798452724	0.11372434703904821	0.13677051502357543	-0.023046167984527216
428	distilbert-base-uncased	young adult vs older adult	15	M4	4	0.6666666666666666	-0.015565639206518725	0.06972108161426144	0.08528672082078015	-0.015565639206518711
429	distilbert-base-uncased	young adult vs older adult	15	M4	5	0.6666666666666666	2.647400833669794e-05	0.1998793261979396	0.19985285218960291	2.6474008336691002e-05
430	distilbert-base-uncased	young adult vs older adult	15	M5	1	0.35714285714285715	-0.0035254132406927537	0.07394226098802473	0.07746767422871749	-0.0035254132406927624
431	distilbert-base-uncased	young adult vs older adult	15	M5	2	0.4523809523809524	-0.009459796764054937	0.04173492573577923	0.051194722499834165	-0.009459796764054937
432	distilbert-base-uncased	young adult vs older adult	15	M5	3	0.5952380952380952	-0.011158956131978247	0.07193730965567127	0.08309626578764953	-0.01115895613197826
433	distilbert-base-uncased	young adult vs older adult	15	M5	4	0.5476190476190477	-0.007508957440829063	0.04701652774106363	0.054525485181892694	-0.007508957440829064
434	distilbert-base-uncased	young adult vs older adult	15	M5	5	0.6190476190476191	0.003043864049860045	0.27950036621630364	0.2764565021664436	0.0030438640498600678
435	distilbert-base-uncased	young adult vs older adult	15	M6	1	0.39285714285714285	-0.0033390849992948894	0.0894265285138057	0.09276561351310057	-0.003339084999294875
436	distilbert-base-uncased	young adult vs older adult	15	M6	2	0.32142857142857145	-0.011688699806005124	0.04902655602355866	0.06071525582956378	-0.01168869980600512
437	distilbert-base-uncased	young adult vs older adult	15	M6	3	0.6428571428571429	-0.013528149242899553	0.0868340330073676	0.10036218225026715	-0.013528149242899551
438	distilbert-base-uncased	young adult vs older adult	15	M6	4	0.6428571428571429	-0.009789637232773063	0.05477797576895678	0.06456761300172983	-0.009789637232773055
439	distilbert-base-uncased	young adult vs older adult	15	M6	5	0.6428571428571429	0.00045448996908297346	0.21853607931240857	0.2180815893433256	0.00045448996908295514
440	distilbert-base-uncased	young adult vs older adult	15	M7	1	0.4642857142857143	-0.004321278824396115	0.07691508697046492	0.08123636579486104	-0.004321278824396119
441	distilbert-base-uncased	young adult vs older adult	15	M7	2	0.35714285714285715	-0.00887685606721787	0.03936944769884572	0.04824630376606359	-0.008876856067217873
442	distilbert-base-uncased	young adult vs older adult	15	M7	3	0.6785714285714286	-0.010843493684920503	0.06898424921304723	0.07982774289796772	-0.010843493684920491
443	distilbert-base-uncased	young adult vs older adult	15	M7	4	0.6428571428571429	-0.0073466015736422694	0.04406086853539034	0.05140747010903262	-0.007346601573642281
444	distilbert-base-uncased	young adult vs older adult	15	M7	5	0.6785714285714286	0.004890142663498404	0.20481685521787893	0.19992671255438052	0.004890142663498409
445	distilbert-base-uncased	young adult vs older adult	15	M8	1	0.43023255813953487	-0.002687291612240848	0.07987270284096197	0.08255999445320282	-0.0026872916122408497
446	distilbert-base-uncased	young adult vs older adult	15	M8	2	0.4418604651162791	-0.009319577990323137	0.052639135585957016	0.061958713576280154	-0.009319577990323138
447	distilbert-base-uncased	young adult vs older adult	15	M8	3	0.6627906976744186	-0.009151097847068232	0.07330397920160846	0.08245507704867669	-0.009151097847068232
448	distilbert-base-uncased	young adult vs older adult	15	M8	4	0.6395348837209303	-0.007187016667706109	0.05833742113751463	0.06552443780522074	-0.00718701666770611
449	distilbert-base-uncased	young adult vs older adult	15	M8	5	0.6627906976744186	0.0025083964628297476	0.24058882413136898	0.23808042766853924	0.002508396462829743
450	distilbert-base-uncased	young adult vs older adult	15	M9	1	0.4	-0.004477807604052949	0.08032937328207476	0.08480718088612772	-0.004477807604052961
451	distilbert-base-uncased	young adult vs older adult	15	M9	2	0.525	-0.008573265032464401	0.04152161518522913	0.050094880217693524	-0.008573265032464396
452	distilbert-base-uncased	young adult vs older adult	15	M9	3	0.7	-0.010316036615949995	0.0708434189904437	0.0811594556063937	-0.01031603661595
453	distilbert-base-uncased	young adult vs older adult	15	M9	4	0.675	-0.0077892280329251665	0.05670425157659333	0.0644934796095185	-0.007789228032925165
454	distilbert-base-uncased	young adult vs older adult	15	M9	5	0.75	0.005433387335506262	0.21921159218763928	0.213778204852133	0.005433387335506273
455	distilbert-base-uncased	young adult vs older adult	2	D1	1	0.3333333333333333	0.0022708948915048147	0.06334446195008539	0.06107356705858057	0.002270894891504817
456	distilbert-base-uncased	young adult vs older adult	2	D1	2	0.0	-0.0023675497359363184	0.017472180668846666	0.01983973040478298	-0.0023675497359363154
457	distilbert-base-uncased	young adult vs older adult	2	D1	3	0.0	-0.0002551629731897349	0.028552743877905084	0.028807906851094814	-0.00025516297318972994
458	distilbert-base-uncased	young adult vs older adult	2	D1	4	0.6666666666666666	0.0011535794668210014	0.03501380859718963	0.03386022913036863	0.0011535794668210003
459	distilbert-base-uncased	young adult vs older adult	2	D1	5	0.3333333333333333	-0.012276643974473716	0.11328619701089333	0.12556284098536705	-0.012276643974473714
460	distilbert-base-uncased	young adult vs older adult	2	D2	1	0.2	-0.00019502284121701067	0.04998065530671732	0.05017567814793433	-0.00019502284121701574
461	distilbert-base-uncased	young adult vs older adult	2	D2	2	0.0	-0.0017379732482368016	0.014251774430158497	0.0159897476783953	-0.001737973248236803
462	distilbert-base-uncased	young adult vs older adult	2	D2	3	0.4	-9.935644338839051e-05	0.0220766689511947	0.02217602539458309	-9.935644338839034e-05
463	distilbert-base-uncased	young adult vs older adult	2	D2	4	0.6	0.0005904334888327804	0.02509946978534567	0.02450903629651289	0.0005904334888327811
464	distilbert-base-uncased	young adult vs older adult	2	D2	5	0.6	-0.006373121368233138	0.09472702302155081	0.10110014438978394	-0.006373121368233134
465	distilbert-base-uncased	young adult vs older adult	2	D3	1	0.25	0.0018228657827421483	0.05312734242397704	0.05130447664123489	0.0018228657827421488
466	distilbert-base-uncased	young adult vs older adult	2	D3	2	0.0	-0.0014023704879946313	0.015389769023386119	0.016792139511380748	-0.001402370487994629
467	distilbert-base-uncased	young adult vs older adult	2	D3	3	0.5	0.0003773818207264242	0.02259014490118711	0.022212763080460687	0.00037738182072642387
468	distilbert-base-uncased	young adult vs older adult	2	D3	4	0.5	0.0018190499104093563	0.027137656252307293	0.025318606341897937	0.0018190499104093552
469	distilbert-base-uncased	young adult vs older adult	2	D3	5	0.625	-0.008724037794308984	0.11664815969561455	0.12537219748992354	-0.008724037794308984
470	distilbert-base-uncased	young adult vs older adult	2	D4	1	0.2	0.0003663544950541083	0.047613134206039784	0.04724677971098567	0.00036635449505411505
471	distilbert-base-uncased	young adult vs older adult	2	D4	2	0.0	-0.001694794910144981	0.01414999043045095	0.01584478534059593	-0.0016947949101449797
472	distilbert-base-uncased	young adult vs older adult	2	D4	3	0.4	4.1414168660912744e-07	0.02254653067793693	0.02254611653625032	4.141416866110248e-07
473	distilbert-base-uncased	young adult vs older adult	2	D4	4	0.4	0.0006103838095441309	0.02433131148573005	0.023720927676185923	0.0006103838095441287
474	distilbert-base-uncased	young adult vs older adult	2	D4	5	0.6	-0.006019757391186426	0.08877616495592516	0.09479592234711158	-0.006019757391186417
475	distilbert-base-uncased	young adult vs older adult	2	M1	1	0.2	-1.6184378182529488e-05	0.03696505305706518	0.03698123743524771	-1.618437818253632e-05
476	distilbert-base-uncased	young adult vs older adult	2	M1	2	0.2	-0.0014965022681280719	0.01808083758805875	0.019577339856186822	-0.001496502268128072
477	distilbert-base-uncased	young adult vs older adult	2	M1	3	0.2	-0.0007696564658544672	0.03342874876689163	0.0341984052327461	-0.0007696564658544736
478	distilbert-base-uncased	young adult vs older adult	2	M1	4	0.2	-0.0005115804029628393	0.027722425502724912	0.028234005905687747	-0.0005115804029628343
479	distilbert-base-uncased	young adult vs older adult	2	M1	5	0.4	-0.007212922337930652	0.10419428988825527	0.11140721222618592	-0.007212922337930652
480	distilbert-base-uncased	young adult vs older adult	2	M2	1	0.5	0.0032247638252253167	0.06016674614511425	0.05694198231988893	0.003224763825225317
481	distilbert-base-uncased	young adult vs older adult	2	M2	2	0.0	-0.00424118138228855	0.03120784402320466	0.03544902540549321	-0.004241181382288552
482	distilbert-base-uncased	young adult vs older adult	2	M2	3	0.6666666666666666	-0.0019365831588705371	0.05939679578295903	0.061333378941829574	-0.0019365831588705404
483	distilbert-base-uncased	young adult vs older adult	2	M2	4	0.0	-0.0009177410101983641	0.052904212769741756	0.053821953779940125	-0.0009177410101983696
484	distilbert-base-uncased	young adult vs older adult	2	M2	5	0.6666666666666666	-0.00835729624183538	0.1580507307759641	0.16640802701779947	-0.008357296241835371
485	distilbert-base-uncased	young adult vs older adult	2	M3	1	0.2222222222222222	0.0009924325341772707	0.0558354465109813	0.054843013976804036	0.0009924325341772663
486	distilbert-base-uncased	young adult vs older adult	2	M3	2	0.0	-0.0028022212144504883	0.0257812063921139	0.02858342760656439	-0.002802221214450489
487	distilbert-base-uncased	young adult vs older adult	2	M3	3	0.5555555555555556	-0.0007881905573109745	0.04404133666927611	0.04482952722658708	-0.0007881905573109763
488	distilbert-base-uncased	young adult vs older adult	2	M3	4	0.2222222222222222	-0.0009199277523697949	0.039246113686304915	0.040166041438674714	-0.0009199277523697993
489	distilbert-base-uncased	young adult vs older adult	2	M3	5	0.7777777777777778	-0.0037868655377274454	0.12675606914692453	0.13054293468465195	-0.0037868655377274185
490	distilbert-base-uncased	young adult vs older adult	2	M4	1	0.3333333333333333	0.0026563403080217467	0.07045883708633477	0.06780249677831303	0.00265634030802174
491	distilbert-base-uncased	young adult vs older adult	2	M4	2	0.0	-0.00441322209856785	0.029853954930634485	0.03426717702920233	-0.004413222098567846
492	distilbert-base-uncased	young adult vs older adult	2	M4	3	0.3333333333333333	-0.0035499761094494593	0.0659961150377057	0.06954609114715515	-0.0035499761094494597
493	distilbert-base-uncased	young adult vs older adult	2	M4	4	0.3333333333333333	-0.0005982531826399769	0.05832535515946797	0.05892360834210795	-0.0005982531826399795
494	distilbert-base-uncased	young adult vs older adult	2	M4	5	0.5	-0.010323519672965633	0.1267832522668565	0.13710677193982213	-0.010323519672965631
495	distilbert-base-uncased	young adult vs older adult	2	M5	1	0.2619047619047619	0.0017516734146088948	0.0502504303746848	0.048498756960075905	0.001751673414608898
496	distilbert-base-uncased	young adult vs older adult	2	M5	2	0.047619047619047616	-0.0028208767859420414	0.02218151753394128	0.025002394319883322	-0.0028208767859420406
497	distilbert-base-uncased	young adult vs older adult	2	M5	3	0.5714285714285714	-0.000914606079667069	0.03886371547733207	0.03977832155699914	-0.0009146060796670699
498	distilbert-base-uncased	young adult vs older adult	2	M5	4	0.3333333333333333	-6.27771299886608e-05	0.0380915850497937	0.03815436217978237	-6.277712998866564e-05
499	distilbert-base-uncased	young adult vs older adult	2	M5	5	0.5714285714285714	-0.005330917560578597	0.1964054037096156	0.20173632127019417	-0.005330917560578574
500	distilbert-base-uncased	young adult vs older adult	2	M6	1	0.32142857142857145	0.003491230560549802	0.05853862051818782	0.05504738995763802	0.003491230560549799
501	distilbert-base-uncased	young adult vs older adult	2	M6	2	0.03571428571428571	-0.0027864486655744215	0.022510573257022718	0.02529702192259714	-0.0027864486655744224
502	distilbert-base-uncased	young adult vs older adult	2	M6	3	0.6071428571428571	-0.0010689218106563303	0.041160937551467165	0.04222985936212349	-0.0010689218106563272
503	distilbert-base-uncased	young adult vs older adult	2	M6	4	0.35714285714285715	-3.856405445340432e-05	0.03878658693637196	0.03882515099082536	-3.856405445340494e-05
504	distilbert-base-uncased	young adult vs older adult	2	M6	5	0.5357142857142857	-0.008178627671441062	0.1320401423966229	0.14021877006806396	-0.008178627671441063
505	distilbert-base-uncased	young adult vs older adult	2	M7	1	0.21428571428571427	0.0007320174024373818	0.051096475098997174	0.0503644576965598	0.0007320174024373766
506	distilbert-base-uncased	young adult vs older adult	2	M7	2	0.0	-0.00234578297074352	0.018904507774485425	0.021250290745228943	-0.002345782970743518
507	distilbert-base-uncased	young adult vs older adult	2	M7	3	0.5	-0.0014095746727044896	0.035024255525578495	0.03643383019828299	-0.001409574672704493
508	distilbert-base-uncased	young adult vs older adult	2	M7	4	0.32142857142857145	-0.00021367981181745103	0.03261313402409927	0.03282681383591672	-0.00021367981181744794
509	distilbert-base-uncased	young adult vs older adult	2	M7	5	0.6428571428571429	-0.005061314811298097	0.11682071721276896	0.12188203202406707	-0.005061314811298109
510	distilbert-base-uncased	young adult vs older adult	2	M8	1	0.29069767441860467	0.001048510479280553	0.051024746115259825	0.04997623563597928	0.0010485104792805483
511	distilbert-base-uncased	young adult vs older adult	2	M8	2	0.09302325581395349	-0.0019031573206438022	0.022166317924254712	0.024069475244898515	-0.0019031573206438022
512	distilbert-base-uncased	young adult vs older adult	2	M8	3	0.686046511627907	0.00010124302224180438	0.03054483887552669	0.03044359585328488	0.00010124302224180995
513	distilbert-base-uncased	young adult vs older adult	2	M8	4	0.5	0.0008533364385203991	0.03663377023672919	0.035780433798208784	0.0008533364385204037
514	distilbert-base-uncased	young adult vs older adult	2	M8	5	0.6511627906976745	-0.004935615188557236	0.15598078239198127	0.1609163975805385	-0.00493561518855723
515	distilbert-base-uncased	young adult vs older adult	2	M9	1	0.225	9.592548740328596e-05	0.05379840287350811	0.05370247738610483	9.59254874032811e-05
516	distilbert-base-uncased	young adult vs older adult	2	M9	2	0.025	-0.002552580497467711	0.021811226946920167	0.024363807444387882	-0.002552580497467715
517	distilbert-base-uncased	young adult vs older adult	2	M9	3	0.65	-0.0003255835166783064	0.036418399496324076	0.036743983013002385	-0.0003255835166783086
518	distilbert-base-uncased	young adult vs older adult	2	M9	4	0.375	0.00011783573281718181	0.039792197210044775	0.039674361477227596	0.00011783573281717863
519	distilbert-base-uncased	young adult vs older adult	2	M9	5	0.725	-0.005829561247810493	0.10904266441648355	0.11487222566429404	-0.005829561247810491
520	distilbert-base-uncased	young adult vs older adult	7	D1	1	0.3333333333333333	0.0016773434763308265	0.0589666613232111	0.05728931784688027	0.0016773434763308337
521	distilbert-base-uncased	young adult vs older adult	7	D1	2	0.0	-0.001516930070162417	0.015672975530226983	0.0171899056003894	-0.0015169300701624172
522	distilbert-base-uncased	young adult vs older adult	7	D1	3	0.3333333333333333	0.00013438868336381783	0.025257826176433167	0.025123437493069348	0.00013438868336381957
523	distilbert-base-uncased	young adult vs older adult	7	D1	4	0.3333333333333333	0.001215957376795485	0.03174499411640373	0.03052903673960825	0.0012159573767954839
524	distilbert-base-uncased	young adult vs older adult	7	D1	5	0.3333333333333333	-0.014521616816637063	0.11096476752330392	0.125486384339941	-0.014521616816637078
525	distilbert-base-uncased	young adult vs older adult	7	D2	1	0.2	-0.00018768837326207423	0.043157650358625635	0.043345338731887714	-0.00018768837326207932
526	distilbert-base-uncased	young adult vs older adult	7	D2	2	0.0	-0.0010908547381404603	0.011700325296260371	0.012791180034400832	-0.0010908547381404607
527	distilbert-base-uncased	young adult vs older adult	7	D2	3	0.4	1.905828539748075e-05	0.017147298841155078	0.0171282405557576	1.9058285397478836e-05
528	distilbert-base-uncased	young adult vs older adult	7	D2	4	0.2	0.0006285246054176109	0.02074795342632564	0.02011942882090803	0.0006285246054176102
529	distilbert-base-uncased	young adult vs older adult	7	D2	5	0.6	-0.008227987671853036	0.10100852545874654	0.1092365131305996	-0.008227987671853051
530	distilbert-base-uncased	young adult vs older adult	7	D3	1	0.25	0.0018670707977434954	0.047636651537686654	0.04576958073994316	0.0018670707977434947
531	distilbert-base-uncased	young adult vs older adult	7	D3	2	0.125	-0.0008167258383764442	0.012520163942099262	0.013336889780475706	-0.0008167258383764437
532	distilbert-base-uncased	young adult vs older adult	7	D3	3	0.375	0.0004900558233202814	0.01648401524107607	0.015993959417755787	0.0004900558233202831
533	distilbert-base-uncased	young adult vs older adult	7	D3	4	0.25	0.0020101154404983447	0.02363603849153147	0.021625923051033124	0.002010115440498346
534	distilbert-base-uncased	young adult vs older adult	7	D3	5	0.625	-0.01178934347444736	0.1163980042783805	0.12818734775282786	-0.011789343474447364
535	distilbert-base-uncased	young adult vs older adult	7	D4	1	0.2	0.00011877886136060594	0.04132226783840447	0.041203488977043866	0.00011877886136060084
536	distilbert-base-uncased	young adult vs older adult	7	D4	2	0.0	-0.0010688498092349503	0.01135055923368778	0.01241940904292273	-0.00106884980923495
537	distilbert-base-uncased	young adult vs older adult	7	D4	3	0.4	8.546095923521059e-05	0.01729594543867275	0.01721048447943754	8.54609592352111e-05
538	distilbert-base-uncased	young adult vs older adult	7	D4	4	0.2	0.000610830230289131	0.02047035203722767	0.019859521806938542	0.0006108302302891278
539	distilbert-base-uncased	young adult vs older adult	7	D4	5	0.6	-0.007873617063160029	0.08843642093997911	0.09631003800313914	-0.007873617063160032
540	distilbert-base-uncased	young adult vs older adult	7	M1	1	0.2	0.0007151264580897911	0.03484031821135427	0.03412519175326448	0.0007151264580897917
541	distilbert-base-uncased	young adult vs older adult	7	M1	2	0.0	-0.001742471405304968	0.01773327732807951	0.01947574873338448	-0.001742471405304969
542	distilbert-base-uncased	young adult vs older adult	7	M1	3	0.2	-0.0013722414092626292	0.03145552796777333	0.032827769377035965	-0.001372241409262634
543	distilbert-base-uncased	young adult vs older adult	7	M1	4	0.2	-0.0014664199843537097	0.02497122775239399	0.0264376477367477	-0.0014664199843537097
544	distilbert-base-uncased	young adult vs older adult	7	M1	5	0.0	-0.010580345586640772	0.12010880879824977	0.13068915438489054	-0.010580345586640769
545	distilbert-base-uncased	young adult vs older adult	7	M2	1	0.5	0.00247848399643166	0.057623200409579974	0.05514471641314831	0.002478483996431663
546	distilbert-base-uncased	young adult vs older adult	7	M2	2	0.0	-0.004811641692261508	0.0294104477652581	0.03422208945751961	-0.0048116416922615105
547	distilbert-base-uncased	young adult vs older adult	7	M2	3	0.16666666666666666	-0.0032767270652887745	0.05391103012758924	0.05718775719287802	-0.0032767270652887745
548	distilbert-base-uncased	young adult vs older adult	7	M2	4	0.0	-0.0028980487028699565	0.042450487152867276	0.045348535855737226	-0.00289804870286995
549	distilbert-base-uncased	young adult vs older adult	7	M2	5	0.6666666666666666	-0.010111148071397714	0.16499922120419794	0.17511036927559565	-0.010111148071397708
550	distilbert-base-uncased	young adult vs older adult	7	M3	1	0.2222222222222222	0.002303970945326412	0.05420439185238336	0.05190042090705695	0.00230397094532641
551	distilbert-base-uncased	young adult vs older adult	7	M3	2	0.0	-0.0025799360882956565	0.025322722600928146	0.027902658689223807	-0.0025799360882956604
552	distilbert-base-uncased	young adult vs older adult	7	M3	3	0.2222222222222222	-0.001105361783023318	0.04252368179731997	0.04362904358034328	-0.001105361783023312
553	distilbert-base-uncased	young adult vs older adult	7	M3	4	0.0	-0.0017019340601917936	0.035012060314733744	0.036713994374925535	-0.0017019340601917912
554	distilbert-base-uncased	young adult vs older adult	7	M3	5	0.6666666666666666	-0.005804414235171853	0.14063799692182022	0.14644241115699208	-0.005804414235171862
555	distilbert-base-uncased	young adult vs older adult	7	M4	1	0.3333333333333333	0.0018252729399440418	0.0640971862497584	0.06227191330981435	0.001825272939944042
556	distilbert-base-uncased	young adult vs older adult	7	M4	2	0.0	-0.005050921846608024	0.02755712342817174	0.032608045274779764	-0.005050921846608023
557	distilbert-base-uncased	young adult vs older adult	7	M4	3	0.0	-0.004928875891588782	0.0639646733179688	0.06889354920955758	-0.004928875891588774
558	distilbert-base-uncased	young adult vs older adult	7	M4	4	0.0	-0.0027907276222928555	0.05058062764752924	0.05337135526982209	-0.002790727622292849
559	distilbert-base-uncased	young adult vs older adult	7	M4	5	0.5	-0.01234926238733654	0.1257068449388801	0.13805610732621665	-0.012349262387336551
560	distilbert-base-uncased	young adult vs older adult	7	M5	1	0.23809523809523808	0.001922813848241709	0.04501080317502432	0.043087989326782615	0.0019228138482417084
561	distilbert-base-uncased	young adult vs older adult	7	M5	2	0.0	-0.0028556098893334735	0.01960327394495136	0.022458883834284835	-0.0028556098893334735
562	distilbert-base-uncased	young adult vs older adult	7	M5	3	0.23809523809523808	-0.0015743663905249427	0.035902320326602455	0.037476686717127394	-0.0015743663905249394
563	distilbert-base-uncased	young adult vs older adult	7	M5	4	0.047619047619047616	-0.0010620520136269214	0.03195510553026295	0.033017157543889876	-0.0010620520136269268
564	distilbert-base-uncased	young adult vs older adult	7	M5	5	0.47619047619047616	-0.0066541578846573335	0.1982086706605817	0.20486282854523905	-0.006654157884657341
565	distilbert-base-uncased	young adult vs older adult	7	M6	1	0.32142857142857145	0.003290226430440916	0.05354334267654585	0.05025311624610492	0.0032902264304409262
566	distilbert-base-uncased	young adult vs older adult	7	M6	2	0.03571428571428571	-0.002955519698714072	0.020309092893252664	0.023264612591966737	-0.002955519698714073
567	distilbert-base-uncased	young adult vs older adult	7	M6	3	0.07142857142857142	-0.0018697195804894073	0.03867023943426565	0.04053995901475506	-0.0018697195804894054
568	distilbert-base-uncased	young adult vs older adult	7	M6	4	0.03571428571428571	-0.0011517767132837825	0.032544579225421796	0.033696355938705576	-0.0011517767132837795
569	distilbert-base-uncased	young adult vs older adult	7	M6	5	0.5	-0.010022341490444621	0.13587204880033302	0.14589439029077764	-0.01002234149044462
570	distilbert-base-uncased	young adult vs older adult	7	M7	1	0.21428571428571427	0.0005246182445262125	0.04420629269640939	0.043681674451883166	0.0005246182445262232
571	distilbert-base-uncased	young adult vs older adult	7	M7	2	0.0	-0.0025800187868298963	0.0157851441628216	0.018365162949651494	-0.002580018786829893
572	distilbert-base-uncased	young adult vs older adult	7	M7	3	0.14285714285714285	-0.002264142265630656	0.030662795651421295	0.03292693791705195	-0.0022641422656306566
573	distilbert-base-uncased	young adult vs older adult	7	M7	4	0.03571428571428571	-0.0012955307774973439	0.025161481419023086	0.026457012196520434	-0.0012955307774973474
574	distilbert-base-uncased	young adult vs older adult	7	M7	5	0.6071428571428571	-0.006879453599789748	0.11673444906565622	0.12361390266544596	-0.006879453599789739
575	distilbert-base-uncased	young adult vs older adult	7	M8	1	0.2558139534883721	0.0010764336217361234	0.044242881336516715	0.04316644771478059	0.0010764336217361226
576	distilbert-base-uncased	young adult vs older adult	7	M8	2	0.09302325581395349	-0.001861447929661872	0.019590316100051408	0.02145176402971328	-0.0018614479296618705
577	distilbert-base-uncased	young adult vs older adult	7	M8	3	0.27906976744186046	-0.00022904507187736383	0.02716000558930948	0.027389050661186846	-0.0002290450718773658
578	distilbert-base-uncased	young adult vs older adult	7	M8	4	0.19767441860465115	0.0001892744873001919	0.03182202404533131	0.03163274955803112	0.00018927448730018948
579	distilbert-base-uncased	young adult vs older adult	7	M8	5	0.5813953488372093	-0.0072396760215904235	0.15738541720252952	0.16462509322411994	-0.007239676021590424
580	distilbert-base-uncased	young adult vs older adult	7	M9	1	0.2	-5.084766598875343e-06	0.04588426406407957	0.04588934883067845	-5.084766598884016e-06
581	distilbert-base-uncased	young adult vs older adult	7	M9	2	0.025	-0.0026381906793176303	0.01829211015956384	0.02093030083888147	-0.0026381906793176285
582	distilbert-base-uncased	young adult vs older adult	7	M9	3	0.325	-0.001012865371740182	0.03347982418854367	0.034492689560283854	-0.001012865371740182
583	distilbert-base-uncased	young adult vs older adult	7	M9	4	0.175	-0.0010843610344636577	0.035442177407912764	0.036526538442376424	-0.00108436103446366
584	distilbert-base-uncased	young adult vs older adult	7	M9	5	0.625	-0.00770802094702958	0.12042780161755214	0.12813582256458173	-0.00770802094702959
585	gpt2	middle-aged adult vs older adult	15	D1	1	0.6666666666666666	-0.01264686352806165	0.05395899631548667	0.06660585984354832	-0.012646863528061651
586	gpt2	middle-aged adult vs older adult	15	D1	2	0.6666666666666666	-0.004920112891340992	0.018852736743307653	0.02377284963464865	-0.004920112891340995
587	gpt2	middle-aged adult vs older adult	15	D1	3	0.3333333333333333	-0.021195175593068855	0.015657074583335383	0.036852250176404235	-0.02119517559306885
588	gpt2	middle-aged adult vs older adult	15	D1	4	0.6666666666666666	-0.011087194473172197	0.0384051209548488	0.049492315428020996	-0.011087194473172197
589	gpt2	middle-aged adult vs older adult	15	D1	5	0.6666666666666666	0.22079166211187842	0.30758480556930107	0.0867931434574226	0.22079166211187845
590	gpt2	middle-aged adult vs older adult	15	D2	1	0.8	0.08275786266895013	0.13168808768969026	0.04893022502074012	0.08275786266895013
591	gpt2	middle-aged adult vs older adult	15	D2	2	0.8	0.011569342860821024	0.0336587562811473	0.02208941342032627	0.011569342860821029
592	gpt2	middle-aged adult vs older adult	15	D2	3	0.4	-0.012646439206582701	0.02807506685421683	0.04072150606079953	-0.012646439206582701
593	gpt2	middle-aged adult vs older adult	15	D2	4	0.8	0.04362460174597803	0.07968570922967044	0.03606110748369241	0.043624601745978035
594	gpt2	middle-aged adult vs older adult	15	D2	5	0.4	0.09950713347643617	0.18634795127436515	0.08684081779792899	0.09950713347643617
595	gpt2	middle-aged adult vs older adult	15	D3	1	0.75	0.08063575741107346	0.1393767893023323	0.058741031891258844	0.08063575741107346
596	gpt2	middle-aged adult vs older adult	15	D3	2	0.75	0.01333115230784187	0.03743781634204875	0.024106664034206873	0.013331152307841876
597	gpt2	middle-aged adult vs older adult	15	D3	3	0.375	-0.010203740317592712	0.031129295011851323	0.04133303532944404	-0.010203740317592715
598	gpt2	middle-aged adult vs older adult	15	D3	4	0.75	0.040864147551474175	0.0837713711953256	0.04290722364385142	0.04086414755147418
599	gpt2	middle-aged adult vs older adult	15	D3	5	0.375	0.06959091540193188	0.138337469601538	0.06874655419960614	0.06959091540193187
600	gpt2	middle-aged adult vs older adult	15	D4	1	0.8	0.07295162790687756	0.12265521537046875	0.04970358746359119	0.07295162790687756
601	gpt2	middle-aged adult vs older adult	15	D4	2	0.8	0.013028754392507835	0.034100107814083416	0.021071353421575578	0.013028754392507839
602	gpt2	middle-aged adult vs older adult	15	D4	3	0.6	-0.005205465481412793	0.03332443152830817	0.03852989700972096	-0.005205465481412791
603	gpt2	middle-aged adult vs older adult	15	D4	4	0.8	0.04241805844940247	0.07846088742371646	0.03604282897431399	0.04241805844940247
604	gpt2	middle-aged adult vs older adult	15	D4	5	0.4	0.10797066907398405	0.18693349622189998	0.0789628271479159	0.10797066907398407
605	gpt2	middle-aged adult vs older adult	15	M1	1	0.8	0.10563409243768544	0.12097754044516469	0.01534344800747926	0.10563409243768543
606	gpt2	middle-aged adult vs older adult	15	M1	2	1.0	0.02083173295250162	0.034138814546167816	0.013307081593666198	0.020831732952501618
607	gpt2	middle-aged adult vs older adult	15	M1	3	0.6	0.003915593828423881	0.03731375406496222	0.03339816023653834	0.00391559382842388
608	gpt2	middle-aged adult vs older adult	15	M1	4	0.8	0.07071105861541584	0.08224718869169005	0.011536130076274211	0.07071105861541584
609	gpt2	middle-aged adult vs older adult	15	M1	5	0.2	-0.0722776089969557	0.16240148761426093	0.2346790966112166	-0.07227760899695568
610	gpt2	middle-aged adult vs older adult	15	M2	1	0.8333333333333334	0.11104240954106596	0.126946073595415	0.015903664054349016	0.11104240954106598
611	gpt2	middle-aged adult vs older adult	15	M2	2	1.0	0.02920921658308846	0.04220985706585145	0.013000640482762992	0.029209216583088463
612	gpt2	middle-aged adult vs older adult	15	M2	3	0.8333333333333334	0.010265275091417931	0.04266672920978937	0.032401454118371434	0.010265275091417933
613	gpt2	middle-aged adult vs older adult	15	M2	4	0.8333333333333334	0.07242936972700896	0.0841518653899887	0.011722495662979733	0.07242936972700897
614	gpt2	middle-aged adult vs older adult	15	M2	5	0.16666666666666666	-0.04498359217783827	0.14956752493890227	0.19455111711674056	-0.04498359217783829
615	gpt2	middle-aged adult vs older adult	15	M3	1	0.7777777777777778	0.10088439953203003	0.1696422982236577	0.06875789869162768	0.10088439953203002
616	gpt2	middle-aged adult vs older adult	15	M3	2	0.7777777777777778	0.01936049525526567	0.04540672524732747	0.026046229992061798	0.019360495255265675
617	gpt2	middle-aged adult vs older adult	15	M3	3	0.7777777777777778	0.008131818845868104	0.05184646214668945	0.043714643300821344	0.008131818845868104
618	gpt2	middle-aged adult vs older adult	15	M3	4	0.7777777777777778	0.06166722179882021	0.10553070762479261	0.04386348582597239	0.06166722179882022
619	gpt2	middle-aged adult vs older adult	15	M3	5	0.2222222222222222	-0.05523379262174584	0.013945088152670156	0.06917888077441599	-0.05523379262174583
620	gpt2	middle-aged adult vs older adult	15	M4	1	0.6666666666666666	0.08377850864296003	0.1571585169828419	0.07338000833988186	0.08377850864296003
621	gpt2	middle-aged adult vs older adult	15	M4	2	0.6666666666666666	0.006727710616360127	0.040044598764325166	0.03331688814796504	0.0067277106163601275
622	gpt2	middle-aged adult vs older adult	15	M4	3	0.6666666666666666	-0.005753899136228327	0.0447177363215208	0.05047163545774913	-0.005753899136228334
623	gpt2	middle-aged adult vs older adult	15	M4	4	0.6666666666666666	0.0461515378362189	0.09850556007586415	0.05235402223964527	0.046151537836218885
624	gpt2	middle-aged adult vs older adult	15	M4	5	0.3333333333333333	-0.052224073093384525	0.012434947459647983	0.0646590205530325	-0.052224073093384525
625	gpt2	middle-aged adult vs older adult	15	M5	1	0.7857142857142857	0.08041984033826297	0.11666644577226608	0.036246605434003126	0.08041984033826295
626	gpt2	middle-aged adult vs older adult	15	M5	2	0.7857142857142857	0.01910486362647221	0.047311868915910146	0.02820700528943794	0.019104863626472207
627	gpt2	middle-aged adult vs older adult	15	M5	3	0.7142857142857143	-0.002747452657786203	0.03720732885024816	0.039954781508034366	-0.002747452657786205
628	gpt2	middle-aged adult vs older adult	15	M5	4	0.7380952380952381	0.04856979946550243	0.07889351835510044	0.03032371888959802	0.048569799465502425
629	gpt2	middle-aged adult vs older adult	15	M5	5	0.35714285714285715	-0.0011383363766006968	0.13520191903226722	0.1363402554088679	-0.0011383363766006849
630	gpt2	middle-aged adult vs older adult	15	M6	1	0.6785714285714286	0.07743697303495926	0.13348637678609515	0.05604940375113589	0.07743697303495926
631	gpt2	middle-aged adult vs older adult	15	M6	2	0.7857142857142857	0.0299443740237036	0.05343362337599238	0.023489249352288775	0.029944374023703608
632	gpt2	middle-aged adult vs older adult	15	M6	3	0.6428571428571429	0.0006586095596503702	0.03753381895135781	0.03687520939170744	0.0006586095596503652
633	gpt2	middle-aged adult vs older adult	15	M6	4	0.6785714285714286	0.04203091604244947	0.0797825848207724	0.03775166877832292	0.042030916042449476
634	gpt2	middle-aged adult vs older adult	15	M6	5	0.2857142857142857	-0.07066016905485283	0.07444359373208236	0.14510376278693518	-0.07066016905485283
635	gpt2	middle-aged adult vs older adult	15	M7	1	0.6896551724137931	0.062499889199208514	0.12500431852019792	0.06250442932098939	0.06249988919920853
636	gpt2	middle-aged adult vs older adult	15	M7	2	0.6896551724137931	-0.0031784015706668002	0.03189626303067375	0.035074664601340545	-0.003178401570666796
637	gpt2	middle-aged adult vs older adult	15	M7	3	0.6206896551724138	0.01166718468511105	0.05340373570915882	0.041736551024047774	0.011667184685111048
638	gpt2	middle-aged adult vs older adult	15	M7	4	0.7241379310344828	0.04585087352662131	0.08873500747521854	0.042884133948597226	0.04585087352662131
639	gpt2	middle-aged adult vs older adult	15	M7	5	0.41379310344827586	0.052026364247059725	0.11168369268677356	0.059657328439713816	0.05202636424705974
640	gpt2	middle-aged adult vs older adult	15	M8	1	0.7471264367816092	0.07947929126460403	0.12866199788215618	0.049182706617552134	0.07947929126460404
641	gpt2	middle-aged adult vs older adult	15	M8	2	0.8275862068965517	0.02603588788807773	0.04844393319480924	0.022408045306731506	0.026035887888077733
642	gpt2	middle-aged adult vs older adult	15	M8	3	0.7011494252873564	0.0038791079738263686	0.036982800631511895	0.03310369265768552	0.0038791079738263734
643	gpt2	middle-aged adult vs older adult	15	M8	4	0.7471264367816092	0.04996155674178163	0.08227208113092417	0.03231052438914253	0.04996155674178164
644	gpt2	middle-aged adult vs older adult	15	M8	5	0.3333333333333333	0.012907015711235372	0.1538933853385635	0.14098636962732813	0.01290701571123537
645	gpt2	middle-aged adult vs older adult	15	M9	1	0.8260869565217391	0.10194675431968948	0.14740205539134835	0.04545530107165884	0.1019467543196895
646	gpt2	middle-aged adult vs older adult	15	M9	2	0.8260869565217391	0.0136142461388258	0.039990407414338895	0.026376161275513094	0.013614246138825802
647	gpt2	middle-aged adult vs older adult	15	M9	3	0.7608695652173914	0.012535574401661748	0.05053707114949124	0.038001496747829495	0.012535574401661746
648	gpt2	middle-aged adult vs older adult	15	M9	4	0.8260869565217391	0.06796772885982087	0.09675641694102075	0.028788688081199876	0.06796772885982087
649	gpt2	middle-aged adult vs older adult	15	M9	5	0.30434782608695654	0.04353614681940103	0.12554014275960285	0.0820039959402018	0.043536146819401045
650	gpt2	middle-aged adult vs older adult	2	D1	1	0.6666666666666666	-0.0470323456878153	0.05395899631548667	0.10099134200330197	-0.0470323456878153
651	gpt2	middle-aged adult vs older adult	2	D1	2	0.3333333333333333	-0.017267572373990944	0.018852736743307653	0.0361203091172986	-0.017267572373990944
652	gpt2	middle-aged adult vs older adult	2	D1	3	0.3333333333333333	-0.047376503393024856	0.015657074583335383	0.06303357797636024	-0.04737650339302485
653	gpt2	middle-aged adult vs older adult	2	D1	4	0.6666666666666666	-0.036789717385545366	0.0384051209548488	0.07519483834039417	-0.03678971738554537
654	gpt2	middle-aged adult vs older adult	2	D1	5	0.6666666666666666	0.21125858044251802	0.30758480556930107	0.096326225126783	0.21125858044251805
655	gpt2	middle-aged adult vs older adult	2	D2	1	0.8	0.03498932291986422	0.13168808768969026	0.09669876476982603	0.03498932291986423
656	gpt2	middle-aged adult vs older adult	2	D2	2	0.6	-0.009329011658337567	0.0336587562811473	0.042987767939484854	-0.009329011658337556
657	gpt2	middle-aged adult vs older adult	2	D2	3	0.2	-0.037447827403229876	0.02807506685421683	0.0655228942574467	-0.03744782740322987
658	gpt2	middle-aged adult vs older adult	2	D2	4	0.8	0.004884053254500044	0.07968570922967044	0.0748016559751704	0.004884053254500045
659	gpt2	middle-aged adult vs older adult	2	D2	5	0.4	0.08600313677452508	0.18634795127436515	0.10034481449984009	0.08600313677452506
660	gpt2	middle-aged adult vs older adult	2	D3	1	0.75	0.02427696942322657	0.1393767893023323	0.11509981987910572	0.024276969423226574
661	gpt2	middle-aged adult vs older adult	2	D3	2	0.625	-0.010680211724206854	0.03743781634204875	0.0481180280662556	-0.01068021172420685
662	gpt2	middle-aged adult vs older adult	2	D3	3	0.25	-0.03959283679978396	0.031129295011851323	0.07072213181163528	-0.039592836799783954
663	gpt2	middle-aged adult vs older adult	2	D3	4	0.75	-0.0012190636916784361	0.0837713711953256	0.08499043488700403	-0.0012190636916784292
664	gpt2	middle-aged adult vs older adult	2	D3	5	0.375	0.05147251539165156	0.138337469601538	0.08686495420988645	0.051472515391651555
665	gpt2	middle-aged adult vs older adult	2	D4	1	0.8	0.014955297124106454	0.12265521537046875	0.10769991824636231	0.01495529712410644
666	gpt2	middle-aged adult vs older adult	2	D4	2	0.6	-0.008685118699577277	0.034100107814083416	0.04278522651366069	-0.008685118699577277
667	gpt2	middle-aged adult vs older adult	2	D4	3	0.4	-0.033846059256029515	0.03332443152830817	0.06717049078433768	-0.03384605925602951
668	gpt2	middle-aged adult vs older adult	2	D4	4	0.8	0.0027768699917942547	0.07846088742371646	0.0756840174319222	0.002776869991794259
669	gpt2	middle-aged adult vs older adult	2	D4	5	0.4	0.0903598268516362	0.18693349622189998	0.09657366937026376	0.09035982685163621
670	gpt2	middle-aged adult vs older adult	2	M1	1	0.8	0.07205302211514206	0.12097754044516469	0.048924518330022634	0.07205302211514206
671	gpt2	middle-aged adult vs older adult	2	M1	2	0.6	0.006676763331051912	0.034138814546167816	0.027462051215115905	0.00667676333105191
672	gpt2	middle-aged adult vs older adult	2	M1	3	0.6	0.0018020835326751784	0.03731375406496222	0.03551167053228704	0.0018020835326751777
673	gpt2	middle-aged adult vs older adult	2	M1	4	0.8	0.041008134050935036	0.08224718869169005	0.041239054640755016	0.041008134050935036
674	gpt2	middle-aged adult vs older adult	2	M1	5	0.2	-0.08057803257252094	0.16240148761426093	0.24297952018678187	-0.08057803257252094
675	gpt2	middle-aged adult vs older adult	2	M2	1	0.8333333333333334	0.057882753537948396	0.126946073595415	0.06906332005746658	0.0578827535379484
676	gpt2	middle-aged adult vs older adult	2	M2	2	0.8333333333333334	0.007882076074868865	0.04220985706585145	0.03432778099098258	0.00788207607486887
677	gpt2	middle-aged adult vs older adult	2	M2	3	0.16666666666666666	-0.014951076792688854	0.04266672920978937	0.05761780600247821	-0.014951076792688846
678	gpt2	middle-aged adult vs older adult	2	M2	4	0.8333333333333334	0.031193315109097383	0.0841518653899887	0.052958550280891324	0.031193315109097376
679	gpt2	middle-aged adult vs older adult	2	M2	5	0.16666666666666666	-0.0603800159515231	0.14956752493890227	0.20994754089042542	-0.06038001595152315
680	gpt2	middle-aged adult vs older adult	2	M3	1	0.7777777777777778	0.03441049329315621	0.1696422982236577	0.1352318049305015	0.03441049329315621
681	gpt2	middle-aged adult vs older adult	2	M3	2	0.5555555555555556	-0.005951488814793655	0.04540672524732747	0.05135821406212113	-0.005951488814793654
682	gpt2	middle-aged adult vs older adult	2	M3	3	0.5555555555555556	-0.011038206517696384	0.05184646214668945	0.06288466866438584	-0.011038206517696394
683	gpt2	middle-aged adult vs older adult	2	M3	4	0.7777777777777778	0.01101733200226185	0.10553070762479261	0.09451337562253076	0.011017332002261848
684	gpt2	middle-aged adult vs older adult	2	M3	5	0.2222222222222222	-0.07045513288014466	0.013945088152670156	0.08440022103281482	-0.07045513288014466
685	gpt2	middle-aged adult vs older adult	2	M4	1	0.6666666666666666	0.023367374994753217	0.1571585169828419	0.13379114198808867	0.02336737499475322
686	gpt2	middle-aged adult vs older adult	2	M4	2	0.5	-0.014714063283160321	0.040044598764325166	0.05475866204748548	-0.014714063283160314
687	gpt2	middle-aged adult vs older adult	2	M4	3	0.16666666666666666	-0.023553772118854482	0.0447177363215208	0.06827150844037529	-0.02355377211885449
688	gpt2	middle-aged adult vs older adult	2	M4	4	0.6666666666666666	-0.0008741213629642868	0.09850556007586415	0.09937968143882846	-0.000874121362964303
689	gpt2	middle-aged adult vs older adult	2	M4	5	0.3333333333333333	-0.07015745648338152	0.012434947459647983	0.08259240394302951	-0.07015745648338152
690	gpt2	middle-aged adult vs older adult	2	M5	1	0.7857142857142857	0.037972418915679956	0.11666644577226608	0.07869402685658614	0.03797241891567994
691	gpt2	middle-aged adult vs older adult	2	M5	2	0.6428571428571429	0.0026627966809818224	0.047311868915910146	0.044649072234928325	0.0026627966809818215
692	gpt2	middle-aged adult vs older adult	2	M5	3	0.42857142857142855	-0.015696145112520935	0.03720732885024816	0.05290347396276909	-0.01569614511252093
693	gpt2	middle-aged adult vs older adult	2	M5	4	0.7380952380952381	0.015956908007971005	0.07889351835510044	0.06293661034712945	0.01595690800797099
694	gpt2	middle-aged adult vs older adult	2	M5	5	0.35714285714285715	-0.011498322731973714	0.13520191903226722	0.14670024176424093	-0.011498322731973709
695	gpt2	middle-aged adult vs older adult	2	M6	1	0.6785714285714286	0.027880072620454086	0.13348637678609515	0.10560630416564108	0.02788007262045407
696	gpt2	middle-aged adult vs older adult	2	M6	2	0.6785714285714286	0.010240676128205454	0.05343362337599238	0.043192947247786925	0.010240676128205457
697	gpt2	middle-aged adult vs older adult	2	M6	3	0.2857142857142857	-0.01991635821637567	0.03753381895135781	0.05745017716773348	-0.01991635821637567
698	gpt2	middle-aged adult vs older adult	2	M6	4	0.6428571428571429	0.00386397423364673	0.0797825848207724	0.07591861058712567	0.003863974233646733
699	gpt2	middle-aged adult vs older adult	2	M6	5	0.2857142857142857	-0.08437959877002348	0.07444359373208236	0.15882319250210583	-0.08437959877002348
700	gpt2	middle-aged adult vs older adult	2	M7	1	0.6896551724137931	0.01393376026906732	0.12500431852019792	0.11107055825113059	0.013933760269067327
701	gpt2	middle-aged adult vs older adult	2	M7	2	0.4482758620689655	-0.02406617120090984	0.03189626303067375	0.055962434231583584	-0.024066171200909835
702	gpt2	middle-aged adult vs older adult	2	M7	3	0.3448275862068966	-0.008301562861592598	0.05340373570915882	0.061705298570751424	-0.008301562861592601
703	gpt2	middle-aged adult vs older adult	2	M7	4	0.6896551724137931	0.008247242874419724	0.08873500747521854	0.08048776460079882	0.008247242874419719
704	gpt2	middle-aged adult vs older adult	2	M7	5	0.41379310344827586	0.04009127785207839	0.11168369268677356	0.07159241483469515	0.0400912778520784
705	gpt2	middle-aged adult vs older adult	2	M8	1	0.7471264367816092	0.03281011586851941	0.12866199788215618	0.09585188201363676	0.032810115868519424
706	gpt2	middle-aged adult vs older adult	2	M8	2	0.6551724137931034	0.006767678398736974	0.04844393319480924	0.041676254796072267	0.006767678398736973
707	gpt2	middle-aged adult vs older adult	2	M8	3	0.40229885057471265	-0.014200413837751585	0.036982800631511895	0.05118321446926348	-0.014200413837751585
708	gpt2	middle-aged adult vs older adult	2	M8	4	0.735632183908046	0.014899329407853656	0.08227208113092417	0.06737275172307051	0.014899329407853656
709	gpt2	middle-aged adult vs older adult	2	M8	5	0.3333333333333333	0.0008101886081534047	0.1538933853385635	0.1530831967304101	0.000810188608153406
710	gpt2	middle-aged adult vs older adult	2	M9	1	0.8043478260869565	0.04477829433934581	0.14740205539134835	0.10262376105200252	0.044778294339345825
711	gpt2	middle-aged adult vs older adult	2	M9	2	0.5434782608695652	-0.007066645535024173	0.039990407414338895	0.04705705294936307	-0.007066645535024174
712	gpt2	middle-aged adult vs older adult	2	M9	3	0.5434782608695652	-0.001488118583201076	0.05053707114949124	0.052025189732692316	-0.0014881185832010743
713	gpt2	middle-aged adult vs older adult	2	M9	4	0.782608695652174	0.02844490767492526	0.09675641694102075	0.06831150926609549	0.02844490767492526
714	gpt2	middle-aged adult vs older adult	2	M9	5	0.30434782608695654	0.03053554692622662	0.12554014275960285	0.09500459583337623	0.03053554692622662
715	gpt2	middle-aged adult vs older adult	7	D1	1	0.6666666666666666	-0.03985916665988043	0.05395899631548667	0.0938181629753671	-0.039859166659880436
716	gpt2	middle-aged adult vs older adult	7	D1	2	0.3333333333333333	-0.015524739390457412	0.018852736743307653	0.034377476133765066	-0.015524739390457412
717	gpt2	middle-aged adult vs older adult	7	D1	3	0.3333333333333333	-0.045421156567802684	0.015657074583335383	0.06107823115113806	-0.04542115656780267
718	gpt2	middle-aged adult vs older adult	7	D1	4	0.6666666666666666	-0.03159561776556071	0.0384051209548488	0.07000073872040952	-0.03159561776556072
719	gpt2	middle-aged adult vs older adult	7	D1	5	0.6666666666666666	0.21321345516480514	0.30758480556930107	0.09437135040449592	0.21321345516480517
720	gpt2	middle-aged adult vs older adult	7	D2	1	0.8	0.044706053112167896	0.13168808768969026	0.08698203457752238	0.04470605311216788
721	gpt2	middle-aged adult vs older adult	7	D2	2	0.6	-0.005343717144933207	0.0336587562811473	0.0390024734260805	-0.005343717144933202
722	gpt2	middle-aged adult vs older adult	7	D2	3	0.2	-0.03777515753245095	0.02807506685421683	0.06585022438666778	-0.03777515753245095
723	gpt2	middle-aged adult vs older adult	7	D2	4	0.8	0.014974348107352885	0.07968570922967044	0.06471136112231755	0.014974348107352889
724	gpt2	middle-aged adult vs older adult	7	D2	5	0.4	0.09343006308190528	0.18634795127436515	0.09291788819245989	0.09343006308190527
725	gpt2	middle-aged adult vs older adult	7	D3	1	0.75	0.03733847341936782	0.1393767893023323	0.10203831588296447	0.03733847341936783
726	gpt2	middle-aged adult vs older adult	7	D3	2	0.625	-0.00604708476919313	0.03743781634204875	0.043484901111241876	-0.006047084769193127
727	gpt2	middle-aged adult vs older adult	7	D3	3	0.25	-0.040624767678309553	0.031129295011851323	0.07175406269016088	-0.040624767678309553
728	gpt2	middle-aged adult vs older adult	7	D3	4	0.75	0.008597566062235301	0.0837713711953256	0.0751738051330903	0.008597566062235301
729	gpt2	middle-aged adult vs older adult	7	D3	5	0.375	0.05859574029454964	0.138337469601538	0.07974172930698836	0.05859574029454964
730	gpt2	middle-aged adult vs older adult	7	D4	1	0.8	0.03174765679286794	0.12265521537046875	0.09090755857760081	0.03174765679286794
731	gpt2	middle-aged adult vs older adult	7	D4	2	0.6	-0.0036325304714409762	0.034100107814083416	0.03773263828552439	-0.0036325304714409715
732	gpt2	middle-aged adult vs older adult	7	D4	3	0.4	-0.032952061901596594	0.03332443152830817	0.06627649342990476	-0.03295206190159659
733	gpt2	middle-aged adult vs older adult	7	D4	4	0.8	0.013352774316445026	0.07846088742371646	0.06510811310727144	0.01335277431644502
734	gpt2	middle-aged adult vs older adult	7	D4	5	0.4	0.09634005944244567	0.18693349622189998	0.09059343677945429	0.09634005944244568
735	gpt2	middle-aged adult vs older adult	7	M1	1	0.8	0.08002236084139439	0.12097754044516469	0.04095517960377032	0.08002236084139437
736	gpt2	middle-aged adult vs older adult	7	M1	2	0.6	0.01212165908655152	0.034138814546167816	0.0220171554596163	0.012121659086551516
737	gpt2	middle-aged adult vs older adult	7	M1	3	0.6	-0.005392876491532651	0.03731375406496222	0.04270663055649487	-0.005392876491532653
738	gpt2	middle-aged adult vs older adult	7	M1	4	0.8	0.0476201485420461	0.08224718869169005	0.03462704014964395	0.047620148542046103
739	gpt2	middle-aged adult vs older adult	7	M1	5	0.2	-0.07927046084660105	0.16240148761426093	0.24167194846086204	-0.07927046084660111
740	gpt2	middle-aged adult vs older adult	7	M2	1	0.8333333333333334	0.07910010764559654	0.126946073595415	0.04784596594981844	0.07910010764559655
741	gpt2	middle-aged adult vs older adult	7	M2	2	1.0	0.016906151928196764	0.04220985706585145	0.025303705137654686	0.016906151928196767
742	gpt2	middle-aged adult vs older adult	7	M2	3	0.16666666666666666	-0.01344898219637492	0.04266672920978937	0.05611571140616428	-0.013448982196374915
743	gpt2	middle-aged adult vs older adult	7	M2	4	0.8333333333333334	0.047145317831867366	0.0841518653899887	0.037006547558121335	0.047145317831867366
744	gpt2	middle-aged adult vs older adult	7	M2	5	0.16666666666666666	-0.04889532485443246	0.14956752493890227	0.19846284979333476	-0.04889532485443249
745	gpt2	middle-aged adult vs older adult	7	M3	1	0.7777777777777778	0.05704420882587632	0.1696422982236577	0.11259808939778138	0.057044208825876325
746	gpt2	middle-aged adult vs older adult	7	M3	2	0.6666666666666666	-0.00034587081103784996	0.04540672524732747	0.04575259605836532	-0.0003458708110378461
747	gpt2	middle-aged adult vs older adult	7	M3	3	0.4444444444444444	-0.013448115024301745	0.05184646214668945	0.0652945771709912	-0.013448115024301752
748	gpt2	middle-aged adult vs older adult	7	M3	4	0.7777777777777778	0.028840543023155387	0.10553070762479261	0.0766901646016372	0.028840543023155404
749	gpt2	middle-aged adult vs older adult	7	M3	5	0.2222222222222222	-0.05994512616760201	0.013945088152670156	0.07389021432027215	-0.059945126167601996
750	gpt2	middle-aged adult vs older adult	7	M4	1	0.6666666666666666	0.039209041138140784	0.1571585169828419	0.1179494758447011	0.03920904113814079
751	gpt2	middle-aged adult vs older adult	7	M4	2	0.5	-0.012169497846419589	0.040044598764325166	0.05221409661074475	-0.012169497846419582
752	gpt2	middle-aged adult vs older adult	7	M4	3	0.0	-0.02755692747450667	0.0447177363215208	0.07227466379602747	-0.027556927474506672
753	gpt2	middle-aged adult vs older adult	7	M4	4	0.6666666666666666	0.012233541114255822	0.09850556007586415	0.08627201896160835	0.0122335411142558
754	gpt2	middle-aged adult vs older adult	7	M4	5	0.3333333333333333	-0.06147243233863267	0.012434947459647983	0.07390737979828065	-0.061472432338632664
755	gpt2	middle-aged adult vs older adult	7	M5	1	0.7857142857142857	0.052198061312083176	0.11666644577226608	0.06446838446018292	0.052198061312083155
756	gpt2	middle-aged adult vs older adult	7	M5	2	0.7380952380952381	0.007121315324357485	0.047311868915910146	0.040190553591552665	0.0071213153243574814
757	gpt2	middle-aged adult vs older adult	7	M5	3	0.38095238095238093	-0.016844966227792968	0.03720732885024816	0.05405229507804112	-0.01684496622779296
758	gpt2	middle-aged adult vs older adult	7	M5	4	0.7380952380952381	0.027079405349877034	0.07889351835510044	0.051814113005223414	0.02707940534987703
759	gpt2	middle-aged adult vs older adult	7	M5	5	0.35714285714285715	-0.004736208661218684	0.13520191903226722	0.1399381276934859	-0.004736208661218683
760	gpt2	middle-aged adult vs older adult	7	M6	1	0.6785714285714286	0.043988552569966755	0.13348637678609515	0.08949782421612841	0.04398855256996674
761	gpt2	middle-aged adult vs older adult	7	M6	2	0.75	0.015817569200115556	0.05343362337599238	0.03761605417587682	0.01581756920011556
762	gpt2	middle-aged adult vs older adult	7	M6	3	0.17857142857142858	-0.0208827788713149	0.03753381895135781	0.05841659782267271	-0.0208827788713149
763	gpt2	middle-aged adult vs older adult	7	M6	4	0.6785714285714286	0.016312749799031488	0.0797825848207724	0.0634698350217409	0.016312749799031495
764	gpt2	middle-aged adult vs older adult	7	M6	5	0.2857142857142857	-0.07665453850118607	0.07444359373208236	0.15109813223326843	-0.07665453850118607
765	gpt2	middle-aged adult vs older adult	7	M7	1	0.6896551724137931	0.029192317801563818	0.12500431852019792	0.09581200071863408	0.02919231780156384
766	gpt2	middle-aged adult vs older adult	7	M7	2	0.5517241379310345	-0.018861712688672486	0.03189626303067375	0.05075797571934623	-0.018861712688672483
767	gpt2	middle-aged adult vs older adult	7	M7	3	0.3103448275862069	-0.008707614502280437	0.05340373570915882	0.062111350211439265	-0.008707614502280442
768	gpt2	middle-aged adult vs older adult	7	M7	4	0.7241379310344828	0.020196796285745233	0.08873500747521854	0.0685382111894733	0.020196796285745236
769	gpt2	middle-aged adult vs older adult	7	M7	5	0.41379310344827586	0.047461303542338004	0.11168369268677356	0.06422238914443554	0.04746130354233802
770	gpt2	middle-aged adult vs older adult	7	M8	1	0.7471264367816092	0.045843383198555146	0.12866199788215618	0.08281861468360102	0.04584338319855516
771	gpt2	middle-aged adult vs older adult	7	M8	2	0.735632183908046	0.011208434849176295	0.04844393319480924	0.037235498345632945	0.011208434849176295
772	gpt2	middle-aged adult vs older adult	7	M8	3	0.3333333333333333	-0.01589448766741231	0.036982800631511895	0.052877288298924206	-0.01589448766741231
773	gpt2	middle-aged adult vs older adult	7	M8	4	0.7471264367816092	0.024858249974668383	0.08227208113092417	0.057413831156255785	0.024858249974668387
774	gpt2	middle-aged adult vs older adult	7	M8	5	0.3333333333333333	0.007363121632973992	0.1538933853385635	0.14653026370558953	0.007363121632973979
775	gpt2	middle-aged adult vs older adult	7	M9	1	0.8260869565217391	0.06374091551191195	0.14740205539134835	0.08366113987943638	0.06374091551191197
776	gpt2	middle-aged adult vs older adult	7	M9	2	0.6956521739130435	-0.0014234688963409487	0.039990407414338895	0.04141387631067984	-0.001423468896340943
777	gpt2	middle-aged adult vs older adult	7	M9	3	0.5217391304347826	-0.0031399669813095966	0.05053707114949124	0.05367703813080084	-0.003139966981309597
778	gpt2	middle-aged adult vs older adult	7	M9	4	0.8260869565217391	0.041712182469053546	0.09675641694102075	0.0550442344719672	0.041712182469053546
779	gpt2	middle-aged adult vs older adult	7	M9	5	0.30434782608695654	0.039008834865077675	0.12554014275960285	0.08653130789452516	0.03900883486507768
780	gpt2	young adult vs middle-aged adult	15	D1	1	0.3333333333333333	0.01451522071147338	0.06847421702696005	0.05395899631548667	0.014515220711473382
781	gpt2	young adult vs middle-aged adult	15	D1	2	0.3333333333333333	0.0077517367681139366	0.02660447351142159	0.018852736743307653	0.007751736768113936
782	gpt2	young adult vs middle-aged adult	15	D1	3	0.6666666666666666	0.017303352752302662	0.032960427335638046	0.015657074583335383	0.017303352752302662
783	gpt2	young adult vs middle-aged adult	15	D1	4	0.3333333333333333	0.01167996321843623	0.05008508417328503	0.0384051209548488	0.011679963218436229
784	gpt2	young adult vs middle-aged adult	15	D1	5	0.3333333333333333	-0.24903279892168942	0.0585520066476116	0.30758480556930107	-0.24903279892168947
785	gpt2	young adult vs middle-aged adult	15	D2	1	0.2	-0.08252214422682301	0.04916594346286724	0.13168808768969026	-0.08252214422682302
786	gpt2	young adult vs middle-aged adult	15	D2	2	0.2	-0.010852337781398068	0.022806418499749223	0.0336587562811473	-0.010852337781398075
787	gpt2	young adult vs middle-aged adult	15	D2	3	0.4	0.004792913074925299	0.03286797992914213	0.02807506685421683	0.004792913074925301
788	gpt2	young adult vs middle-aged adult	15	D2	4	0.2	-0.04370883562951351	0.03597687360015693	0.07968570922967044	-0.04370883562951351
789	gpt2	young adult vs middle-aged adult	15	D2	5	0.6	-0.12048882087692621	0.06585913039743894	0.18634795127436515	-0.12048882087692621
790	gpt2	young adult vs middle-aged adult	15	D3	1	0.25	-0.07912741731706775	0.06024937198526454	0.1393767893023323	-0.07912741731706777
791	gpt2	young adult vs middle-aged adult	15	D3	2	0.25	-0.012413174542757584	0.025024641799291158	0.03743781634204875	-0.012413174542757591
792	gpt2	young adult vs middle-aged adult	15	D3	3	0.5	0.0021533405006266488	0.033282635512477975	0.031129295011851323	0.0021533405006266514
793	gpt2	young adult vs middle-aged adult	15	D3	4	0.25	-0.040806668792356525	0.04296470240296907	0.0837713711953256	-0.04080666879235653
794	gpt2	young adult vs middle-aged adult	15	D3	5	0.625	-0.08515942597296092	0.05317804362857709	0.138337469601538	-0.08515942597296092
795	gpt2	young adult vs middle-aged adult	15	D4	1	0.2	-0.07272220595041291	0.04993300942005584	0.12265521537046875	-0.07272220595041291
796	gpt2	young adult vs middle-aged adult	15	D4	2	0.2	-0.011913626235036636	0.022186481579046773	0.034100107814083416	-0.011913626235036643
797	gpt2	young adult vs middle-aged adult	15	D4	3	0.4	-0.003236212742194781	0.030088218786113386	0.03332443152830817	-0.0032362127421947835
798	gpt2	young adult vs middle-aged adult	15	D4	4	0.2	-0.04255258812918331	0.035908299294533146	0.07846088742371646	-0.04255258812918331
799	gpt2	young adult vs middle-aged adult	15	D4	5	0.6	-0.1293112274259329	0.05762226879596705	0.18693349622189998	-0.12931122742593293
800	gpt2	young adult vs middle-aged adult	15	M1	1	0.2	-0.1072600261220941	0.013717514323070598	0.12097754044516469	-0.1072600261220941
801	gpt2	young adult vs middle-aged adult	15	M1	2	0.0	-0.022407369272696095	0.011731445273471724	0.034138814546167816	-0.02240736927269609
802	gpt2	young adult vs middle-aged adult	15	M1	3	0.4	-0.016588566439168055	0.020725187625794166	0.03731375406496222	-0.016588566439168055
803	gpt2	young adult vs middle-aged adult	15	M1	4	0.2	-0.07230732860480202	0.009939860086888038	0.08224718869169005	-0.07230732860480202
804	gpt2	young adult vs middle-aged adult	15	M1	5	0.8	0.054600477259373295	0.21700196487363427	0.16240148761426093	0.05460047725937334
805	gpt2	young adult vs middle-aged adult	15	M2	1	0.16666666666666666	-0.11296017179605163	0.013985901799363348	0.126946073595415	-0.11296017179605164
806	gpt2	young adult vs middle-aged adult	15	M2	2	0.0	-0.03052704626315972	0.011682810802691733	0.04220985706585145	-0.03052704626315972
807	gpt2	young adult vs middle-aged adult	15	M2	3	0.16666666666666666	-0.021599227858435686	0.021067501351353674	0.04266672920978937	-0.021599227858435693
808	gpt2	young adult vs middle-aged adult	15	M2	4	0.16666666666666666	-0.07349138005459586	0.010660485335392834	0.0841518653899887	-0.07349138005459586
809	gpt2	young adult vs middle-aged adult	15	M2	5	0.8333333333333334	0.038194647817969524	0.1877621727568718	0.14956752493890227	0.038194647817969524
810	gpt2	young adult vs middle-aged adult	15	M3	1	0.2222222222222222	-0.1004373839435478	0.06920491428010989	0.1696422982236577	-0.10043738394354781
811	gpt2	young adult vs middle-aged adult	15	M3	2	0.2222222222222222	-0.01922603028106097	0.0261806949662665	0.04540672524732747	-0.01922603028106097
812	gpt2	young adult vs middle-aged adult	15	M3	3	0.2222222222222222	-0.018302997729430583	0.03354346441725887	0.05184646214668945	-0.01830299772943058
813	gpt2	young adult vs middle-aged adult	15	M3	4	0.2222222222222222	-0.06355337953169106	0.041977328093101535	0.10553070762479261	-0.06355337953169107
814	gpt2	young adult vs middle-aged adult	15	M3	5	0.7777777777777778	0.042383731549812675	0.05632881970248284	0.013945088152670156	0.04238373154981268
815	gpt2	young adult vs middle-aged adult	15	M4	1	0.3333333333333333	-0.07636142880558812	0.08079708817725377	0.1571585169828419	-0.07636142880558812
816	gpt2	young adult vs middle-aged adult	15	M4	2	0.3333333333333333	-0.004392097837808244	0.035652500926516915	0.040044598764325166	-0.004392097837808251
817	gpt2	young adult vs middle-aged adult	15	M4	3	0.3333333333333333	-0.0005462512805631143	0.044171485040957685	0.0447177363215208	-0.000546251280563112
818	gpt2	young adult vs middle-aged adult	15	M4	4	0.3333333333333333	-0.04357958437564472	0.05492597570021943	0.09850556007586415	-0.04357958437564472
819	gpt2	young adult vs middle-aged adult	15	M4	5	0.6666666666666666	0.04116660779497279	0.05360155525462077	0.012434947459647983	0.04116660779497279
820	gpt2	young adult vs middle-aged adult	15	M5	1	0.21428571428571427	-0.08037980072272366	0.03628664504954243	0.11666644577226608	-0.08037980072272365
821	gpt2	young adult vs middle-aged adult	15	M5	2	0.21428571428571427	-0.01928590770278658	0.028025961213123566	0.047311868915910146	-0.01928590770278658
822	gpt2	young adult vs middle-aged adult	15	M5	3	0.2619047619047619	-0.004221985213267277	0.03298534363698088	0.03720732885024816	-0.004221985213267283
823	gpt2	young adult vs middle-aged adult	15	M5	4	0.2619047619047619	-0.049300211667565756	0.0295933066875347	0.07889351835510044	-0.04930021166756575
824	gpt2	young adult vs middle-aged adult	15	M5	5	0.6428571428571429	-0.00991756626283512	0.12528435276943212	0.13520191903226722	-0.009917566262835104
825	gpt2	young adult vs middle-aged adult	15	M6	1	0.32142857142857145	-0.07629118464553487	0.057195192140560284	0.13348637678609515	-0.07629118464553486
826	gpt2	young adult vs middle-aged adult	15	M6	2	0.21428571428571427	-0.02939576452065143	0.02403785885534095	0.05343362337599238	-0.029395764520651433
827	gpt2	young adult vs middle-aged adult	15	M6	3	0.32142857142857145	-0.007579472849621592	0.029954346101736216	0.03753381895135781	-0.007579472849621592
828	gpt2	young adult vs middle-aged adult	15	M6	4	0.32142857142857145	-0.04196025837300764	0.03782232644776475	0.0797825848207724	-0.041960258373007646
829	gpt2	young adult vs middle-aged adult	15	M6	5	0.7142857142857143	0.06231767042832611	0.13676126416040849	0.07444359373208236	0.06231767042832613
830	gpt2	young adult vs middle-aged adult	15	M7	1	0.27586206896551724	-0.058681329889905424	0.06632298863029247	0.12500431852019792	-0.058681329889905445
831	gpt2	young adult vs middle-aged adult	15	M7	2	0.3103448275862069	0.005038253664992981	0.036934516695666726	0.03189626303067375	0.005038253664992977
832	gpt2	young adult vs middle-aged adult	15	M7	3	0.27586206896551724	-0.01812800870940355	0.03527572699975528	0.05340373570915882	-0.018128008709403544
833	gpt2	young adult vs middle-aged adult	15	M7	4	0.27586206896551724	-0.045779947207785006	0.04295506026743352	0.08873500747521854	-0.04577994720778501
834	gpt2	young adult vs middle-aged adult	15	M7	5	0.5862068965517241	-0.06570478364828261	0.04597890903849094	0.11168369268677356	-0.06570478364828261
835	gpt2	young adult vs middle-aged adult	15	M8	1	0.25287356321839083	-0.07906673721400098	0.049595260668155186	0.12866199788215618	-0.079066737214001
836	gpt2	young adult vs middle-aged adult	15	M8	2	0.1724137931034483	-0.026218981328467592	0.022224951866341644	0.04844393319480924	-0.026218981328467596
837	gpt2	young adult vs middle-aged adult	15	M8	3	0.2413793103448276	-0.010186013246154821	0.026796787385357068	0.036982800631511895	-0.010186013246154826
838	gpt2	young adult vs middle-aged adult	15	M8	4	0.25287356321839083	-0.05063338678007115	0.03163869435085302	0.08227208113092417	-0.05063338678007115
839	gpt2	young adult vs middle-aged adult	15	M8	5	0.6666666666666666	-0.028429921234064022	0.1254634641044995	0.1538933853385635	-0.028429921234064015
840	gpt2	young adult vs middle-aged adult	15	M9	1	0.17391304347826086	-0.1010889619773598	0.04631309341398854	0.14740205539134835	-0.10108896197735981
841	gpt2	young adult vs middle-aged adult	15	M9	2	0.17391304347826086	-0.013845936591204254	0.026144470823134643	0.039990407414338895	-0.013845936591204252
842	gpt2	young adult vs middle-aged adult	15	M9	3	0.15217391304347827	-0.020906645328463837	0.029630425821027408	0.05053707114949124	-0.020906645328463834
843	gpt2	young adult vs middle-aged adult	15	M9	4	0.15217391304347827	-0.06858788823733597	0.028168528703684775	0.09675641694102075	-0.06858788823733597
844	gpt2	young adult vs middle-aged adult	15	M9	5	0.6956521739130435	-0.05799163462947253	0.06754850813013032	0.12554014275960285	-0.05799163462947253
845	gpt2	young adult vs middle-aged adult	2	D1	1	0.3333333333333333	0.03999926807591693	0.09395826439140359	0.05395899631548667	0.03999926807591692
846	gpt2	young adult vs middle-aged adult	2	D1	2	0.3333333333333333	0.01877133235636094	0.03762406909966859	0.018852736743307653	0.018771332356360936
847	gpt2	young adult vs middle-aged adult	2	D1	3	0.6666666666666666	0.03288989984018067	0.04854697442351605	0.015657074583335383	0.03288989984018066
848	gpt2	young adult vs middle-aged adult	2	D1	4	0.3333333333333333	0.03297450984246094	0.07137963079730975	0.0384051209548488	0.03297450984246095
849	gpt2	young adult vs middle-aged adult	2	D1	5	0.3333333333333333	-0.24019242962822318	0.06739237594107782	0.30758480556930107	-0.24019242962822324
850	gpt2	young adult vs middle-aged adult	2	D2	1	0.2	-0.04552467555040494	0.08616341213928533	0.13168808768969026	-0.04552467555040493
851	gpt2	young adult vs middle-aged adult	2	D2	2	0.2	0.00900862606795276	0.04266738234910005	0.0336587562811473	0.009008626067952753
852	gpt2	young adult vs middle-aged adult	2	D2	3	0.6	0.022501371174439542	0.05057643802865637	0.02807506685421683	0.022501371174439542
853	gpt2	young adult vs middle-aged adult	2	D2	4	0.2	-0.009055675839772463	0.07063003338989797	0.07968570922967044	-0.009055675839772473
854	gpt2	young adult vs middle-aged adult	2	D2	5	0.6	-0.10730222389101982	0.07904572738334534	0.18634795127436515	-0.10730222389101982
855	gpt2	young adult vs middle-aged adult	2	D3	1	0.25	-0.03483137443981832	0.10454541486251397	0.1393767893023323	-0.03483137443981833
856	gpt2	young adult vs middle-aged adult	2	D3	2	0.25	0.009760200523146526	0.04719801686519527	0.03743781634204875	0.009760200523146523
857	gpt2	young adult vs middle-aged adult	2	D3	3	0.75	0.0240464200678616	0.055175715079712924	0.031129295011851323	0.0240464200678616
858	gpt2	young adult vs middle-aged adult	2	D3	4	0.25	-0.0034030820061161753	0.08036828918920942	0.0837713711953256	-0.0034030820061161787
859	gpt2	young adult vs middle-aged adult	2	D3	5	0.625	-0.06780270289164037	0.07053476670989763	0.138337469601538	-0.06780270289164038
860	gpt2	young adult vs middle-aged adult	2	D4	1	0.2	-0.028063261287752533	0.09459195408271621	0.12265521537046875	-0.028063261287752536
861	gpt2	young adult vs middle-aged adult	2	D4	2	0.2	0.008426407525257681	0.04252651533934109	0.034100107814083416	0.008426407525257675
862	gpt2	young adult vs middle-aged adult	2	D4	3	0.6	0.01828456309376632	0.05160899462207449	0.03332443152830817	0.018284563093766318
863	gpt2	young adult vs middle-aged adult	2	D4	4	0.2	-0.007413480052491673	0.07104740737122478	0.07846088742371646	-0.007413480052491678
864	gpt2	young adult vs middle-aged adult	2	D4	5	0.6	-0.11214602245017886	0.07478747377172108	0.18693349622189998	-0.11214602245017889
865	gpt2	young adult vs middle-aged adult	2	M1	1	0.2	-0.08225441155082078	0.03872312889434393	0.12097754044516469	-0.08225441155082076
866	gpt2	young adult vs middle-aged adult	2	M1	2	0.4	-0.010277156302618117	0.023861658243549706	0.034138814546167816	-0.01027715630261811
867	gpt2	young adult vs middle-aged adult	2	M1	3	0.4	-0.012480239696742503	0.024833514368219716	0.03731375406496222	-0.012480239696742505
868	gpt2	young adult vs middle-aged adult	2	M1	4	0.2	-0.046888669212057706	0.035358519479632346	0.08224718869169005	-0.046888669212057706
869	gpt2	young adult vs middle-aged adult	2	M1	5	0.8	0.06251156285288743	0.22491305046714838	0.16240148761426093	0.06251156285288745
870	gpt2	young adult vs middle-aged adult	2	M2	1	0.16666666666666666	-0.07405052185398137	0.052895551741433615	0.126946073595415	-0.07405052185398137
871	gpt2	young adult vs middle-aged adult	2	M2	2	0.16666666666666666	-0.011320859817108906	0.030888997248742542	0.04220985706585145	-0.011320859817108911
872	gpt2	young adult vs middle-aged adult	2	M2	3	0.3333333333333333	-0.0039650485705351795	0.038701680639254187	0.04266672920978937	-0.00396504857053518
873	gpt2	young adult vs middle-aged adult	2	M2	4	0.16666666666666666	-0.0370959501105972	0.04705591527939149	0.0841518653899887	-0.03709595011059721
874	gpt2	young adult vs middle-aged adult	2	M2	5	0.8333333333333334	0.0525129102582772	0.20208043519717947	0.14956752493890227	0.0525129102582772
875	gpt2	young adult vs middle-aged adult	2	M3	1	0.2222222222222222	-0.05172362204434142	0.11791867617931626	0.1696422982236577	-0.051723622044341444
876	gpt2	young adult vs middle-aged adult	2	M3	2	0.3333333333333333	0.004144916321214012	0.049551641568541485	0.04540672524732747	0.004144916321214012
877	gpt2	young adult vs middle-aged adult	2	M3	3	0.3333333333333333	-0.0019912774053712718	0.04985518474131818	0.05184646214668945	-0.001991277405371271
878	gpt2	young adult vs middle-aged adult	2	M3	4	0.2222222222222222	-0.018787122583792854	0.08674358504099974	0.10553070762479261	-0.018787122583792865
879	gpt2	young adult vs middle-aged adult	2	M3	5	0.7777777777777778	0.05888462356395192	0.07282971171662206	0.013945088152670156	0.0588846235639519
880	gpt2	young adult vs middle-aged adult	2	M4	1	0.3333333333333333	-0.030766415269075267	0.1263921017137666	0.1571585169828419	-0.03076641526907528
881	gpt2	young adult vs middle-aged adult	2	M4	2	0.5	0.014940187472954362	0.054984786237279516	0.040044598764325166	0.01494018747295435
882	gpt2	young adult vs middle-aged adult	2	M4	3	0.3333333333333333	0.015100431849229287	0.059818168170750086	0.0447177363215208	0.015100431849229289
883	gpt2	young adult vs middle-aged adult	2	M4	4	0.3333333333333333	-0.0015924716523538034	0.09691308842351036	0.09850556007586415	-0.001592471652353794
884	gpt2	young adult vs middle-aged adult	2	M4	5	0.6666666666666666	0.05836792717066907	0.07080287463031705	0.012434947459647983	0.05836792717066907
885	gpt2	young adult vs middle-aged adult	2	M5	1	0.21428571428571427	-0.04879199596637462	0.06787444980589148	0.11666644577226608	-0.048791995966374596
886	gpt2	young adult vs middle-aged adult	2	M5	2	0.2857142857142857	-0.003940522293781947	0.043371346622128194	0.047311868915910146	-0.003940522293781952
887	gpt2	young adult vs middle-aged adult	2	M5	3	0.35714285714285715	0.006633686060099754	0.04384101491034791	0.03720732885024816	0.006633686060099751
888	gpt2	young adult vs middle-aged adult	2	M5	4	0.2619047619047619	-0.020129756655627447	0.058763761699473005	0.07889351835510044	-0.02012975665562744
889	gpt2	young adult vs middle-aged adult	2	M5	5	0.6428571428571429	0.0010811776948273907	0.13628309672709463	0.13520191903226722	0.0010811776948274066
890	gpt2	young adult vs middle-aged adult	2	M6	1	0.32142857142857145	-0.03928824458203704	0.09419813220405814	0.13348637678609515	-0.039288244582037016
891	gpt2	young adult vs middle-aged adult	2	M6	2	0.2857142857142857	-0.010899938619689116	0.042533684756303265	0.05343362337599238	-0.010899938619689117
892	gpt2	young adult vs middle-aged adult	2	M6	3	0.42857142857142855	0.008326277982632736	0.04586009693399055	0.03753381895135781	0.008326277982632739
893	gpt2	young adult vs middle-aged adult	2	M6	4	0.32142857142857145	-0.007607912215884699	0.0721746726048877	0.0797825848207724	-0.0076079122158846935
894	gpt2	young adult vs middle-aged adult	2	M6	5	0.7142857142857143	0.07621307831284087	0.15065667204492322	0.07444359373208236	0.07621307831284087
895	gpt2	young adult vs middle-aged adult	2	M7	1	0.27586206896551724	-0.022067350015277046	0.10293696850492086	0.12500431852019792	-0.022067350015277057
896	gpt2	young adult vs middle-aged adult	2	M7	2	0.4827586206896552	0.024394848575709685	0.056291111606383434	0.03189626303067375	0.024394848575709685
897	gpt2	young adult vs middle-aged adult	2	M7	3	0.4827586206896552	-0.0025962277243801036	0.05080750798477872	0.05340373570915882	-0.002596227724380104
898	gpt2	young adult vs middle-aged adult	2	M7	4	0.3103448275862069	-0.011994177572166238	0.0767408299030523	0.08873500747521854	-0.01199417757216624
899	gpt2	young adult vs middle-aged adult	2	M7	5	0.5862068965517241	-0.05347146393188301	0.05821222875489053	0.11168369268677356	-0.053471463931883026
900	gpt2	young adult vs middle-aged adult	2	M8	1	0.25287356321839083	-0.04317424599047491	0.08548775189168126	0.12866199788215618	-0.043174245990474924
901	gpt2	young adult vs middle-aged adult	2	M8	2	0.2988505747126437	-0.008093587948731024	0.040350345246078216	0.04844393319480924	-0.008093587948731024
902	gpt2	young adult vs middle-aged adult	2	M8	3	0.39080459770114945	0.00507155043402006	0.042054351065531945	0.036982800631511895	0.00507155043402005
903	gpt2	young adult vs middle-aged adult	2	M8	4	0.25287356321839083	-0.019035058959485762	0.06323702217143841	0.08227208113092417	-0.019035058959485762
904	gpt2	young adult vs middle-aged adult	2	M8	5	0.6666666666666666	-0.0160981535385684	0.13779523179999512	0.1538933853385635	-0.01609815353856839
905	gpt2	young adult vs middle-aged adult	2	M9	1	0.1956521739130435	-0.05652082009549739	0.09088123529585095	0.14740205539134835	-0.0565208200954974
906	gpt2	young adult vs middle-aged adult	2	M9	2	0.391304347826087	0.005991542541185323	0.045981949955524216	0.039990407414338895	0.005991542541185321
907	gpt2	young adult vs middle-aged adult	2	M9	3	0.2826086956521739	-0.007643657047715943	0.0428934141017753	0.05053707114949124	-0.0076436570477159405
908	gpt2	young adult vs middle-aged adult	2	M9	4	0.1956521739130435	-0.032889066975324906	0.06386734996569583	0.09675641694102075	-0.03288906697532491
909	gpt2	young adult vs middle-aged adult	2	M9	5	0.6956521739130435	-0.04405492584695643	0.0814852169126464	0.12554014275960285	-0.044054925846956444
910	gpt2	young adult vs middle-aged adult	7	D1	1	0.3333333333333333	0.03442374514027809	0.08838274145576476	0.05395899631548667	0.03442374514027809
911	gpt2	young adult vs middle-aged adult	7	D1	2	0.3333333333333333	0.016562704751171036	0.03541544149447869	0.018852736743307653	0.01656270475117104
912	gpt2	young adult vs middle-aged adult	7	D1	3	0.6666666666666666	0.034641218103691515	0.050298292687026895	0.015657074583335383	0.034641218103691515
913	gpt2	young adult vs middle-aged adult	7	D1	4	0.3333333333333333	0.029152675386285364	0.06755779634113417	0.0384051209548488	0.029152675386285368
914	gpt2	young adult vs middle-aged adult	7	D1	5	0.3333333333333333	-0.24184983309047922	0.06573497247882182	0.30758480556930107	-0.24184983309047925
915	gpt2	young adult vs middle-aged adult	7	D2	1	0.2	-0.05381437601754445	0.07787371167214581	0.13168808768969026	-0.05381437601754445
916	gpt2	young adult vs middle-aged adult	7	D2	2	0.2	0.004623003290907973	0.03828175957205527	0.0336587562811473	0.004623003290907972
917	gpt2	young adult vs middle-aged adult	7	D2	3	0.8	0.02478194001814699	0.05285700687236381	0.02807506685421683	0.024781940018146983
918	gpt2	young adult vs middle-aged adult	7	D2	4	0.2	-0.017668369034072432	0.062017340195598014	0.07968570922967044	-0.01766836903407243
919	gpt2	young adult vs middle-aged adult	7	D2	5	0.6	-0.11372298039495946	0.0726249708794057	0.18634795127436515	-0.11372298039495946
920	gpt2	young adult vs middle-aged adult	7	D3	1	0.25	-0.045706094322667944	0.09367069497966435	0.1393767893023323	-0.04570609432266795
921	gpt2	young adult vs middle-aged adult	7	D3	2	0.25	0.004775137652018195	0.04221295399406694	0.03743781634204875	0.004775137652018188
922	gpt2	young adult vs middle-aged adult	7	D3	3	0.75	0.026398613589662993	0.05752790860151432	0.031129295011851323	0.026398613589662997
923	gpt2	young adult vs middle-aged adult	7	D3	4	0.25	-0.011683534696203451	0.07208783649912215	0.0837713711953256	-0.011683534696203451
924	gpt2	young adult vs middle-aged adult	7	D3	5	0.625	-0.07380333056789826	0.06453413903363975	0.138337469601538	-0.07380333056789826
925	gpt2	young adult vs middle-aged adult	7	D4	1	0.2	-0.04134337852010504	0.08131183685036371	0.12265521537046875	-0.04134337852010504
926	gpt2	young adult vs middle-aged adult	7	D4	2	0.2	0.0029165541622205604	0.037016661976303974	0.034100107814083416	0.002916554162220558
927	gpt2	young adult vs middle-aged adult	7	D4	3	0.6	0.0195386219093052	0.05286305343761337	0.03332443152830817	0.0195386219093052
928	gpt2	young adult vs middle-aged adult	7	D4	4	0.2	-0.016538159543415573	0.061922727880300885	0.07846088742371646	-0.016538159543415573
929	gpt2	young adult vs middle-aged adult	7	D4	5	0.6	-0.11715783425606789	0.06977566196583204	0.18693349622189998	-0.11715783425606793
930	gpt2	young adult vs middle-aged adult	7	M1	1	0.2	-0.08932204776501744	0.03165549268014726	0.12097754044516469	-0.08932204776501743
931	gpt2	young adult vs middle-aged adult	7	M1	2	0.0	-0.015611525488930064	0.018527289057237755	0.034138814546167816	-0.01561152548893006
932	gpt2	young adult vs middle-aged adult	7	M1	3	0.4	-0.008628472626151034	0.028685281438811182	0.03731375406496222	-0.008628472626151039
933	gpt2	young adult vs middle-aged adult	7	M1	4	0.2	-0.05206680312257957	0.030180385569110468	0.08224718869169005	-0.05206680312257958
934	gpt2	young adult vs middle-aged adult	7	M1	5	0.8	0.06211394832353108	0.22451543593779202	0.16240148761426093	0.06211394832353109
935	gpt2	young adult vs middle-aged adult	7	M2	1	0.16666666666666666	-0.0906265041048755	0.036319569490539494	0.126946073595415	-0.0906265041048755
936	gpt2	young adult vs middle-aged adult	7	M2	2	0.0	-0.019515078905290764	0.022694778160560685	0.04220985706585145	-0.019515078905290768
937	gpt2	young adult vs middle-aged adult	7	M2	3	0.16666666666666666	-0.0038283523414672275	0.03883837686832214	0.04266672920978937	-0.0038283523414672296
938	gpt2	young adult vs middle-aged adult	7	M2	4	0.16666666666666666	-0.05092163602178821	0.033230229368200484	0.0841518653899887	-0.050921636021788216
939	gpt2	young adult vs middle-aged adult	7	M2	5	0.8333333333333334	0.04266741045527552	0.1922349353941778	0.14956752493890227	0.04266741045527553
940	gpt2	young adult vs middle-aged adult	7	M3	1	0.2222222222222222	-0.06881250906735657	0.10082978915630111	0.1696422982236577	-0.06881250906735659
941	gpt2	young adult vs middle-aged adult	7	M3	2	0.3333333333333333	-0.0010826759868602267	0.04432404926046724	0.04540672524732747	-0.0010826759868602306
942	gpt2	young adult vs middle-aged adult	7	M3	3	0.2222222222222222	-0.00039390120137897187	0.05145256094531048	0.05184646214668945	-0.0003939012013789711
943	gpt2	young adult vs middle-aged adult	7	M3	4	0.2222222222222222	-0.03423254954395816	0.07129815808083444	0.10553070762479261	-0.03423254954395817
944	gpt2	young adult vs middle-aged adult	7	M3	5	0.7777777777777778	0.05022057537765551	0.06416566353032566	0.013945088152670156	0.0502205753776555
945	gpt2	young adult vs middle-aged adult	7	M4	1	0.3333333333333333	-0.04373444431985261	0.11342407266298928	0.1571585169828419	-0.043734444319852614
946	gpt2	young adult vs middle-aged adult	7	M4	2	0.5	0.012506024351447804	0.052550623115772965	0.040044598764325166	0.012506024351447799
947	gpt2	young adult vs middle-aged adult	7	M4	3	0.3333333333333333	0.018740053043681332	0.06345778936520213	0.0447177363215208	0.018740053043681336
948	gpt2	young adult vs middle-aged adult	7	M4	4	0.3333333333333333	-0.013201607546458652	0.08530395252940552	0.09850556007586415	-0.013201607546458632
949	gpt2	young adult vs middle-aged adult	7	M4	5	0.6666666666666666	0.05176043844160938	0.06419538590125735	0.012434947459647983	0.05176043844160937
950	gpt2	young adult vs middle-aged adult	7	M5	1	0.21428571428571427	-0.05971626509008708	0.05695018068217901	0.11666644577226608	-0.05971626509008707
951	gpt2	young adult vs middle-aged adult	7	M5	2	0.23809523809523808	-0.008285230446961665	0.03902663846894848	0.047311868915910146	-0.008285230446961667
952	gpt2	young adult vs middle-aged adult	7	M5	3	0.35714285714285715	0.007655866630167503	0.04486319548041566	0.03720732885024816	0.007655866630167499
953	gpt2	young adult vs middle-aged adult	7	M5	4	0.2619047619047619	-0.029780039976877858	0.049113478378222594	0.07889351835510044	-0.02978003997687785
954	gpt2	young adult vs middle-aged adult	7	M5	5	0.6428571428571429	-0.00457535165617715	0.13062656737609007	0.13520191903226722	-0.004575351656177146
955	gpt2	young adult vs middle-aged adult	7	M6	1	0.32142857142857145	-0.051967095373454085	0.08151928141264107	0.13348637678609515	-0.05196709537345408
956	gpt2	young adult vs middle-aged adult	7	M6	2	0.25	-0.01623057174229612	0.037203051633696256	0.05343362337599238	-0.016230571742296127
957	gpt2	young adult vs middle-aged adult	7	M6	3	0.39285714285714285	0.00963220933018809	0.0471660282815459	0.03753381895135781	0.009632209330188095
958	gpt2	young adult vs middle-aged adult	7	M6	4	0.32142857142857145	-0.018480245002560236	0.061302339818212155	0.0797825848207724	-0.018480245002560243
959	gpt2	young adult vs middle-aged adult	7	M6	5	0.7142857142857143	0.06991054249621291	0.14435413622829527	0.07444359373208236	0.06991054249621291
960	gpt2	young adult vs middle-aged adult	7	M7	1	0.27586206896551724	-0.03410555653631335	0.09089876198388455	0.12500431852019792	-0.034105556536313364
961	gpt2	young adult vs middle-aged adult	7	M7	2	0.4482758620689655	0.01946883886187701	0.05136510189255075	0.03189626303067375	0.019468838861877003
962	gpt2	young adult vs middle-aged adult	7	M7	3	0.4827586206896552	-0.0016242944435236612	0.05177944126563516	0.05340373570915882	-0.0016242944435236606
963	gpt2	young adult vs middle-aged adult	7	M7	4	0.27586206896551724	-0.022262410686505904	0.06647259678871263	0.08873500747521854	-0.022262410686505904
964	gpt2	young adult vs middle-aged adult	7	M7	5	0.5862068965517241	-0.05937963125877012	0.05230406142800342	0.11168369268677356	-0.05937963125877013
965	gpt2	young adult vs middle-aged adult	7	M8	1	0.25287356321839083	-0.05363125922103164	0.07503073866112453	0.12866199788215618	-0.05363125922103165
966	gpt2	young adult vs middle-aged adult	7	M8	2	0.26436781609195403	-0.01248727183435127	0.03595666136045796	0.04844393319480924	-0.012487271834351277
967	gpt2	young adult vs middle-aged adult	7	M8	3	0.39080459770114945	0.006526249071779522	0.04350904970329141	0.036982800631511895	0.006526249071779518
968	gpt2	young adult vs middle-aged adult	7	M8	4	0.25287356321839083	-0.027603307376628583	0.05466877375429558	0.08227208113092417	-0.02760330737662859
969	gpt2	young adult vs middle-aged adult	7	M8	5	0.6666666666666666	-0.021584705692507197	0.1323086796460563	0.1538933853385635	-0.0215847056925072
970	gpt2	young adult vs middle-aged adult	7	M9	1	0.17391304347826086	-0.07157290143431569	0.07582915395703264	0.14740205539134835	-0.0715729014343157
971	gpt2	young adult vs middle-aged adult	7	M9	2	0.2826086956521739	0.0004793315907274654	0.040469739005066355	0.039990407414338895	0.0004793315907274595
972	gpt2	young adult vs middle-aged adult	7	M9	3	0.2826086956521739	-0.006714814909054951	0.0438222562404363	0.05053707114949124	-0.006714814909054942
973	gpt2	young adult vs middle-aged adult	7	M9	4	0.15217391304347827	-0.04432571597624495	0.052430700964775805	0.09675641694102075	-0.04432571597624494
974	gpt2	young adult vs middle-aged adult	7	M9	5	0.6956521739130435	-0.05114103510559586	0.074399107654007	0.12554014275960285	-0.05114103510559585
975	gpt2	young adult vs older adult	15	D1	1	0.3333333333333333	0.0018683571834117304	0.06847421702696005	0.06660585984354832	0.0018683571834117313
976	gpt2	young adult vs older adult	15	D1	2	0.3333333333333333	0.002831623876772943	0.02660447351142159	0.02377284963464865	0.002831623876772941
977	gpt2	young adult vs older adult	15	D1	3	0.3333333333333333	-0.0038918228407661885	0.032960427335638046	0.036852250176404235	-0.003891822840766189
978	gpt2	young adult vs older adult	15	D1	4	0.3333333333333333	0.0005927687452640353	0.05008508417328503	0.049492315428020996	0.0005927687452640315
979	gpt2	young adult vs older adult	15	D1	5	0.0	-0.028241136809810996	0.0585520066476116	0.0867931434574226	-0.028241136809811003
980	gpt2	young adult vs older adult	15	D2	1	0.2	0.0002357184421271184	0.04916594346286724	0.04893022502074012	0.00023571844212712245
981	gpt2	young adult vs older adult	15	D2	2	0.2	0.0007170050794229555	0.022806418499749223	0.02208941342032627	0.000717005079422954
982	gpt2	young adult vs older adult	15	D2	3	0.2	-0.007853526131657403	0.03286797992914213	0.04072150606079953	-0.0078535261316574
983	gpt2	young adult vs older adult	15	D2	4	0.2	-8.423388353547917e-05	0.03597687360015693	0.03606110748369241	-8.423388353547695e-05
984	gpt2	young adult vs older adult	15	D2	5	0.0	-0.02098168740049005	0.06585913039743894	0.08684081779792899	-0.020981687400490043
985	gpt2	young adult vs older adult	15	D3	1	0.25	0.0015083400940056955	0.06024937198526454	0.058741031891258844	0.001508340094005696
986	gpt2	young adult vs older adult	15	D3	2	0.25	0.0009179777650842849	0.025024641799291158	0.024106664034206873	0.0009179777650842845
987	gpt2	young adult vs older adult	15	D3	3	0.25	-0.008050399816966064	0.033282635512477975	0.04133303532944404	-0.008050399816966064
988	gpt2	young adult vs older adult	15	D3	4	0.25	5.747875911765569e-05	0.04296470240296907	0.04290722364385142	5.747875911765038e-05
989	gpt2	young adult vs older adult	15	D3	5	0.0	-0.01556851057102905	0.05317804362857709	0.06874655419960614	-0.015568510571029051
990	gpt2	young adult vs older adult	15	D4	1	0.2	0.00022942195646464978	0.04993300942005584	0.04970358746359119	0.00022942195646465102
991	gpt2	young adult vs older adult	15	D4	2	0.2	0.0011151281574711964	0.022186481579046773	0.021071353421575578	0.0011151281574711958
992	gpt2	young adult vs older adult	15	D4	3	0.2	-0.008441678223607574	0.030088218786113386	0.03852989700972096	-0.008441678223607574
993	gpt2	young adult vs older adult	15	D4	4	0.2	-0.00013452967978083895	0.035908299294533146	0.03604282897431399	-0.00013452967978084401
994	gpt2	young adult vs older adult	15	D4	5	0.0	-0.021340558351948858	0.05762226879596705	0.0789628271479159	-0.021340558351948855
995	gpt2	young adult vs older adult	15	M1	1	0.0	-0.0016259336844086606	0.013717514323070598	0.01534344800747926	-0.0016259336844086612
996	gpt2	young adult vs older adult	15	M1	2	0.0	-0.0015756363201944717	0.011731445273471724	0.013307081593666198	-0.0015756363201944734
997	gpt2	young adult vs older adult	15	M1	3	0.0	-0.012672972610744173	0.020725187625794166	0.03339816023653834	-0.012672972610744175
998	gpt2	young adult vs older adult	15	M1	4	0.0	-0.001596269989386171	0.009939860086888038	0.011536130076274211	-0.0015962699893861728
999	gpt2	young adult vs older adult	15	M1	5	0.2	-0.017677131737582376	0.21700196487363427	0.2346790966112166	-0.01767713173758234
1000	gpt2	young adult vs older adult	15	M2	1	0.0	-0.0019177622549856677	0.013985901799363348	0.015903664054349016	-0.001917762254985668
1001	gpt2	young adult vs older adult	15	M2	2	0.0	-0.0013178296800712586	0.011682810802691733	0.013000640482762992	-0.0013178296800712593
1002	gpt2	young adult vs older adult	15	M2	3	0.0	-0.011333952767017756	0.021067501351353674	0.032401454118371434	-0.01133395276701776
1003	gpt2	young adult vs older adult	15	M2	4	0.0	-0.0010620103275868992	0.010660485335392834	0.011722495662979733	-0.001062010327586899
1004	gpt2	young adult vs older adult	15	M2	5	0.16666666666666666	-0.006788944359868758	0.1877621727568718	0.19455111711674056	-0.006788944359868765
1005	gpt2	young adult vs older adult	15	M3	1	0.2222222222222222	0.0004470155884822152	0.06920491428010989	0.06875789869162768	0.00044701558848220246
1006	gpt2	young adult vs older adult	15	M3	2	0.2222222222222222	0.00013446497420470054	0.0261806949662665	0.026046229992061798	0.00013446497420470382
1007	gpt2	young adult vs older adult	15	M3	3	0.2222222222222222	-0.010171178883562478	0.03354346441725887	0.043714643300821344	-0.010171178883562476
1008	gpt2	young adult vs older adult	15	M3	4	0.1111111111111111	-0.0018861577328708552	0.041977328093101535	0.04386348582597239	-0.0018861577328708537
1009	gpt2	young adult vs older adult	15	M3	5	0.0	-0.012850061071933162	0.05632881970248284	0.06917888077441599	-0.01285006107193315
1010	gpt2	young adult vs older adult	15	M4	1	0.3333333333333333	0.007417079837371904	0.08079708817725377	0.07338000833988186	0.007417079837371915
1011	gpt2	young adult vs older adult	15	M4	2	0.3333333333333333	0.002335612778551883	0.035652500926516915	0.03331688814796504	0.0023356127785518765
1012	gpt2	young adult vs older adult	15	M4	3	0.3333333333333333	-0.006300150416791442	0.044171485040957685	0.05047163545774913	-0.006300150416791446
1013	gpt2	young adult vs older adult	15	M4	4	0.3333333333333333	0.0025719534605741765	0.05492597570021943	0.05235402223964527	0.002571953460574164
1014	gpt2	young adult vs older adult	15	M4	5	0.0	-0.011057465298411734	0.05360155525462077	0.0646590205530325	-0.011057465298411735
1015	gpt2	young adult vs older adult	15	M5	1	0.11904761904761904	4.003961553930465e-05	0.03628664504954243	0.036246605434003126	4.0039615539305684e-05
1016	gpt2	young adult vs older adult	15	M5	2	0.19047619047619047	-0.00018104407631436856	0.028025961213123566	0.02820700528943794	-0.00018104407631437322
1017	gpt2	young adult vs older adult	15	M5	3	0.14285714285714285	-0.006969437871053481	0.03298534363698088	0.039954781508034366	-0.006969437871053488
1018	gpt2	young adult vs older adult	15	M5	4	0.09523809523809523	-0.0007304122020633198	0.0295933066875347	0.03032371888959802	-0.0007304122020633207
1019	gpt2	young adult vs older adult	15	M5	5	0.21428571428571427	-0.01105590263943582	0.12528435276943212	0.1363402554088679	-0.011055902639435788
1020	gpt2	young adult vs older adult	15	M6	1	0.21428571428571427	0.0011457883894243934	0.057195192140560284	0.05604940375113589	0.0011457883894243973
1021	gpt2	young adult vs older adult	15	M6	2	0.21428571428571427	0.0005486095030521725	0.02403785885534095	0.023489249352288775	0.0005486095030521748
1022	gpt2	young adult vs older adult	15	M6	3	0.21428571428571427	-0.006920863289971222	0.029954346101736216	0.03687520939170744	-0.006920863289971227
1023	gpt2	young adult vs older adult	15	M6	4	0.17857142857142858	7.06576694418402e-05	0.03782232644776475	0.03775166877832292	7.06576694418301e-05
1024	gpt2	young adult vs older adult	15	M6	5	0.10714285714285714	-0.008342498626526713	0.13676126416040849	0.14510376278693518	-0.008342498626526695
1025	gpt2	young adult vs older adult	15	M7	1	0.2413793103448276	0.003818559309303092	0.06632298863029247	0.06250442932098939	0.0038185593093030823
1026	gpt2	young adult vs older adult	15	M7	2	0.3103448275862069	0.00185985209432618	0.036934516695666726	0.035074664601340545	0.001859852094326181
1027	gpt2	young adult vs older adult	15	M7	3	0.27586206896551724	-0.006460824024292499	0.03527572699975528	0.041736551024047774	-0.0064608240242924955
1028	gpt2	young adult vs older adult	15	M7	4	0.1724137931034483	7.092631883630731e-05	0.04295506026743352	0.042884133948597226	7.092631883629658e-05
1029	gpt2	young adult vs older adult	15	M7	5	0.06896551724137931	-0.013678419401222879	0.04597890903849094	0.059657328439713816	-0.013678419401222879
1030	gpt2	young adult vs older adult	15	M8	1	0.16091954022988506	0.00041255405060304604	0.049595260668155186	0.049182706617552134	0.000412554050603052
1031	gpt2	young adult vs older adult	15	M8	2	0.16091954022988506	-0.00018309344038986233	0.022224951866341644	0.022408045306731506	-0.00018309344038986222
1032	gpt2	young adult vs older adult	15	M8	3	0.14942528735632185	-0.006306905272328451	0.026796787385357068	0.03310369265768552	-0.006306905272328453
1033	gpt2	young adult vs older adult	15	M8	4	0.09195402298850575	-0.0006718300382895099	0.03163869435085302	0.03231052438914253	-0.0006718300382895087
1034	gpt2	young adult vs older adult	15	M8	5	0.10344827586206896	-0.015522905522828652	0.1254634641044995	0.14098636962732813	-0.015522905522828645
1035	gpt2	young adult vs older adult	15	M9	1	0.17391304347826086	0.0008577923423296846	0.04631309341398854	0.04545530107165884	0.0008577923423296954
1036	gpt2	young adult vs older adult	15	M9	2	0.17391304347826086	-0.00023169045237845292	0.026144470823134643	0.026376161275513094	-0.00023169045237845035
1037	gpt2	young adult vs older adult	15	M9	3	0.10869565217391304	-0.008371070926802088	0.029630425821027408	0.038001496747829495	-0.008371070926802088
1038	gpt2	young adult vs older adult	15	M9	4	0.13043478260869565	-0.0006201593775151032	0.028168528703684775	0.028788688081199876	-0.0006201593775151011
1039	gpt2	young adult vs older adult	15	M9	5	0.06521739130434782	-0.014455487810071499	0.06754850813013032	0.0820039959402018	-0.014455487810071485
1040	gpt2	young adult vs older adult	2	D1	1	0.3333333333333333	-0.007033077611898371	0.09395826439140359	0.10099134200330197	-0.007033077611898378
1041	gpt2	young adult vs older adult	2	D1	2	0.3333333333333333	0.0015037599823699913	0.03762406909966859	0.0361203091172986	0.0015037599823699913
1042	gpt2	young adult vs older adult	2	D1	3	0.3333333333333333	-0.01448660355284419	0.04854697442351605	0.06303357797636024	-0.014486603552844188
1043	gpt2	young adult vs older adult	2	D1	4	0.3333333333333333	-0.003815207543084417	0.07137963079730975	0.07519483834039417	-0.0038152075430844257
1044	gpt2	young adult vs older adult	2	D1	5	0.0	-0.028933849185705185	0.06739237594107782	0.096326225126783	-0.028933849185705185
1045	gpt2	young adult vs older adult	2	D2	1	0.2	-0.010535352630540713	0.08616341213928533	0.09669876476982603	-0.0105353526305407
1046	gpt2	young adult vs older adult	2	D2	2	0.2	-0.00032038559038480573	0.04266738234910005	0.042987767939484854	-0.00032038559038480297
1047	gpt2	young adult vs older adult	2	D2	3	0.2	-0.014946456228790334	0.05057643802865637	0.0655228942574467	-0.01494645622879033
1048	gpt2	young adult vs older adult	2	D2	4	0.2	-0.00417162258527242	0.07063003338989797	0.0748016559751704	-0.004171622585272428
1049	gpt2	young adult vs older adult	2	D2	5	0.0	-0.02129908711649476	0.07904572738334534	0.10034481449984009	-0.021299087116494753
1050	gpt2	young adult vs older adult	2	D3	1	0.25	-0.010554405016591759	0.10454541486251397	0.11509981987910572	-0.010554405016591759
1051	gpt2	young adult vs older adult	2	D3	2	0.25	-0.0009200112010603282	0.04719801686519527	0.0481180280662556	-0.0009200112010603265
1052	gpt2	young adult vs older adult	2	D3	3	0.25	-0.01554641673192236	0.055175715079712924	0.07072213181163528	-0.015546416731922356
1053	gpt2	young adult vs older adult	2	D3	4	0.25	-0.004622145697794611	0.08036828918920942	0.08499043488700403	-0.004622145697794608
1054	gpt2	young adult vs older adult	2	D3	5	0.0	-0.016330187499988824	0.07053476670989763	0.08686495420988645	-0.016330187499988824
1055	gpt2	young adult vs older adult	2	D4	1	0.2	-0.013107964163646083	0.09459195408271621	0.10769991824636231	-0.013107964163646096
1056	gpt2	young adult vs older adult	2	D4	2	0.2	-0.00025871117431959523	0.04252651533934109	0.04278522651366069	-0.00025871117431960217
1057	gpt2	young adult vs older adult	2	D4	3	0.2	-0.015561496162263192	0.05160899462207449	0.06717049078433768	-0.01556149616226319
1058	gpt2	young adult vs older adult	2	D4	4	0.2	-0.0046366100606974195	0.07104740737122478	0.0756840174319222	-0.004636610060697419
1059	gpt2	young adult vs older adult	2	D4	5	0.0	-0.021786195598542685	0.07478747377172108	0.09657366937026376	-0.021786195598542682
1060	gpt2	young adult vs older adult	2	M1	1	0.0	-0.01020138943567871	0.03872312889434393	0.048924518330022634	-0.010201389435678707
1061	gpt2	young adult vs older adult	2	M1	2	0.0	-0.0036003929715662034	0.023861658243549706	0.027462051215115905	-0.0036003929715662
1062	gpt2	young adult vs older adult	2	M1	3	0.0	-0.010678156164067323	0.024833514368219716	0.03551167053228704	-0.010678156164067327
1063	gpt2	young adult vs older adult	2	M1	4	0.0	-0.005880535161122666	0.035358519479632346	0.041239054640755016	-0.00588053516112267
1064	gpt2	young adult vs older adult	2	M1	5	0.2	-0.018066469719633466	0.22491305046714838	0.24297952018678187	-0.018066469719633493
1065	gpt2	young adult vs older adult	2	M2	1	0.0	-0.016167768316032973	0.052895551741433615	0.06906332005746658	-0.01616776831603297
1066	gpt2	young adult vs older adult	2	M2	2	0.0	-0.0034387837422400398	0.030888997248742542	0.03432778099098258	-0.003438783742240041
1067	gpt2	young adult vs older adult	2	M2	3	0.0	-0.018916125363224037	0.038701680639254187	0.05761780600247821	-0.018916125363224026
1068	gpt2	young adult vs older adult	2	M2	4	0.0	-0.005902635001499817	0.04705591527939149	0.052958550280891324	-0.005902635001499831
1069	gpt2	young adult vs older adult	2	M2	5	0.16666666666666666	-0.00786710569324592	0.20208043519717947	0.20994754089042542	-0.007867105693245946
1070	gpt2	young adult vs older adult	2	M3	1	0.2222222222222222	-0.01731312875118522	0.11791867617931626	0.1352318049305015	-0.017313128751185236
1071	gpt2	young adult vs older adult	2	M3	2	0.2222222222222222	-0.0018065724935796426	0.049551641568541485	0.05135821406212113	-0.0018065724935796418
1072	gpt2	young adult vs older adult	2	M3	3	0.2222222222222222	-0.013029483923067655	0.04985518474131818	0.06288466866438584	-0.013029483923067665
1073	gpt2	young adult vs older adult	2	M3	4	0.1111111111111111	-0.007769790581531004	0.08674358504099974	0.09451337562253076	-0.007769790581531016
1074	gpt2	young adult vs older adult	2	M3	5	0.0	-0.011570509316192754	0.07282971171662206	0.08440022103281482	-0.011570509316192759
1075	gpt2	young adult vs older adult	2	M4	1	0.3333333333333333	-0.007399040274322047	0.1263921017137666	0.13379114198808867	-0.007399040274322061
1076	gpt2	young adult vs older adult	2	M4	2	0.3333333333333333	0.00022612418979404045	0.054984786237279516	0.05475866204748548	0.0002261241897940358
1077	gpt2	young adult vs older adult	2	M4	3	0.3333333333333333	-0.008453340269625197	0.059818168170750086	0.06827150844037529	-0.0084533402696252
1078	gpt2	young adult vs older adult	2	M4	4	0.3333333333333333	-0.002466593015318095	0.09691308842351036	0.09937968143882846	-0.002466593015318097
1079	gpt2	young adult vs older adult	2	M4	5	0.0	-0.011789529312712451	0.07080287463031705	0.08259240394302951	-0.01178952931271246
1080	gpt2	young adult vs older adult	2	M5	1	0.11904761904761904	-0.010819577050694659	0.06787444980589148	0.07869402685658614	-0.010819577050694654
1081	gpt2	young adult vs older adult	2	M5	2	0.21428571428571427	-0.0012777256128001246	0.043371346622128194	0.044649072234928325	-0.0012777256128001305
1082	gpt2	young adult vs older adult	2	M5	3	0.14285714285714285	-0.009062459052421179	0.04384101491034791	0.05290347396276909	-0.00906245905242118
1083	gpt2	young adult vs older adult	2	M5	4	0.09523809523809523	-0.004172848647656444	0.058763761699473005	0.06293661034712945	-0.004172848647656449
1084	gpt2	young adult vs older adult	2	M5	5	0.21428571428571427	-0.010417145037146323	0.13628309672709463	0.14670024176424093	-0.010417145037146303
1085	gpt2	young adult vs older adult	2	M6	1	0.21428571428571427	-0.011408171961582945	0.09419813220405814	0.10560630416564108	-0.011408171961582947
1086	gpt2	young adult vs older adult	2	M6	2	0.25	-0.0006592624914836607	0.042533684756303265	0.043192947247786925	-0.0006592624914836601
1087	gpt2	young adult vs older adult	2	M6	3	0.21428571428571427	-0.011590080233742932	0.04586009693399055	0.05745017716773348	-0.01159008023374293
1088	gpt2	young adult vs older adult	2	M6	4	0.17857142857142858	-0.0037439379822379695	0.0721746726048877	0.07591861058712567	-0.0037439379822379604
1089	gpt2	young adult vs older adult	2	M6	5	0.10714285714285714	-0.008166520457182615	0.15065667204492322	0.15882319250210583	-0.008166520457182608
1090	gpt2	young adult vs older adult	2	M7	1	0.2413793103448276	-0.008133589746209728	0.10293696850492086	0.11107055825113059	-0.00813358974620973
1091	gpt2	young adult vs older adult	2	M7	2	0.3448275862068966	0.0003286773747998453	0.056291111606383434	0.055962434231583584	0.0003286773747998503
1092	gpt2	young adult vs older adult	2	M7	3	0.27586206896551724	-0.010897790585972702	0.05080750798477872	0.061705298570751424	-0.010897790585972705
1093	gpt2	young adult vs older adult	2	M7	4	0.1724137931034483	-0.0037469346977465133	0.0767408299030523	0.08048776460079882	-0.0037469346977465207
1094	gpt2	young adult vs older adult	2	M7	5	0.06896551724137931	-0.013380186079804613	0.05821222875489053	0.07159241483469515	-0.013380186079804623
1095	gpt2	young adult vs older adult	2	M8	1	0.16091954022988506	-0.010364130121955504	0.08548775189168126	0.09585188201363676	-0.0103641301219555
1096	gpt2	young adult vs older adult	2	M8	2	0.1839080459770115	-0.0013259095499940493	0.040350345246078216	0.041676254796072267	-0.0013259095499940504
1097	gpt2	young adult vs older adult	2	M8	3	0.14942528735632185	-0.009128863403731525	0.042054351065531945	0.05118321446926348	-0.009128863403731535
1098	gpt2	young adult vs older adult	2	M8	4	0.09195402298850575	-0.004135729551632106	0.06323702217143841	0.06737275172307051	-0.004135729551632106
1099	gpt2	young adult vs older adult	2	M8	5	0.10344827586206896	-0.015287964930414996	0.13779523179999512	0.1530831967304101	-0.015287964930414982
1100	gpt2	young adult vs older adult	2	M9	1	0.15217391304347827	-0.011742525756151577	0.09088123529585095	0.10262376105200252	-0.011742525756151576
1101	gpt2	young adult vs older adult	2	M9	2	0.17391304347826086	-0.0010751029938388511	0.045981949955524216	0.04705705294936307	-0.0010751029938388529
1102	gpt2	young adult vs older adult	2	M9	3	0.10869565217391304	-0.00913177563091702	0.0428934141017753	0.052025189732692316	-0.009131775630917015
1103	gpt2	young adult vs older adult	2	M9	4	0.13043478260869565	-0.00444415930039965	0.06386734996569583	0.06831150926609549	-0.004444159300399653
1104	gpt2	young adult vs older adult	2	M9	5	0.06521739130434782	-0.013519378920729816	0.0814852169126464	0.09500459583337623	-0.013519378920729824
1105	gpt2	young adult vs older adult	7	D1	1	0.3333333333333333	-0.005435421519602336	0.08838274145576476	0.0938181629753671	-0.005435421519602343
1106	gpt2	young adult vs older adult	7	D1	2	0.3333333333333333	0.001037965360713625	0.03541544149447869	0.034377476133765066	0.0010379653607136274
1107	gpt2	young adult vs older adult	7	D1	3	0.3333333333333333	-0.010779938464111167	0.050298292687026895	0.06107823115113806	-0.010779938464111162
1108	gpt2	young adult vs older adult	7	D1	4	0.3333333333333333	-0.002442942379275347	0.06755779634113417	0.07000073872040952	-0.0024429423792753507
1109	gpt2	young adult vs older adult	7	D1	5	0.0	-0.02863637792567411	0.06573497247882182	0.09437135040449592	-0.028636377925674097
1110	gpt2	young adult vs older adult	7	D2	1	0.2	-0.009108322905376562	0.07787371167214581	0.08698203457752238	-0.009108322905376567
1111	gpt2	young adult vs older adult	7	D2	2	0.2	-0.0007207138540252344	0.03828175957205527	0.0390024734260805	-0.0007207138540252303
1112	gpt2	young adult vs older adult	7	D2	3	0.2	-0.012993217514303958	0.05285700687236381	0.06585022438666778	-0.012993217514303969
1113	gpt2	young adult vs older adult	7	D2	4	0.2	-0.0026940209267195484	0.062017340195598014	0.06471136112231755	-0.0026940209267195397
1114	gpt2	young adult vs older adult	7	D2	5	0.0	-0.020292917313054198	0.0726249708794057	0.09291788819245989	-0.020292917313054187
1115	gpt2	young adult vs older adult	7	D3	1	0.25	-0.008367620903300123	0.09367069497966435	0.10203831588296447	-0.008367620903300121
1116	gpt2	young adult vs older adult	7	D3	2	0.25	-0.0012719471171749354	0.04221295399406694	0.043484901111241876	-0.0012719471171749389
1117	gpt2	young adult vs older adult	7	D3	3	0.25	-0.014226154088646564	0.05752790860151432	0.07175406269016088	-0.01422615408864656
1118	gpt2	young adult vs older adult	7	D3	4	0.25	-0.0030859686339681507	0.07208783649912215	0.0751738051330903	-0.0030859686339681502
1119	gpt2	young adult vs older adult	7	D3	5	0.0	-0.015207590273348623	0.06453413903363975	0.07974172930698836	-0.015207590273348615
1120	gpt2	young adult vs older adult	7	D4	1	0.2	-0.009595721727237102	0.08131183685036371	0.09090755857760081	-0.009595721727237105
1121	gpt2	young adult vs older adult	7	D4	2	0.2	-0.0007159763092204161	0.037016661976303974	0.03773263828552439	-0.0007159763092204133
1122	gpt2	young adult vs older adult	7	D4	3	0.2	-0.013413439992291392	0.05286305343761337	0.06627649342990476	-0.013413439992291387
1123	gpt2	young adult vs older adult	7	D4	4	0.2	-0.003185385226970549	0.061922727880300885	0.06510811310727144	-0.0031853852269705524
1124	gpt2	young adult vs older adult	7	D4	5	0.0	-0.020817774813622247	0.06977566196583204	0.09059343677945429	-0.02081777481362225
1125	gpt2	young adult vs older adult	7	M1	1	0.0	-0.009299686923623058	0.03165549268014726	0.04095517960377032	-0.009299686923623061
1126	gpt2	young adult vs older adult	7	M1	2	0.0	-0.0034898664023785436	0.018527289057237755	0.0220171554596163	-0.003489866402378545
1127	gpt2	young adult vs older adult	7	M1	3	0.0	-0.014021349117683685	0.028685281438811182	0.04270663055649487	-0.014021349117683692
1128	gpt2	young adult vs older adult	7	M1	4	0.0	-0.004446654580533481	0.030180385569110468	0.03462704014964395	-0.00444665458053348
1129	gpt2	young adult vs older adult	7	M1	5	0.2	-0.017156512523069965	0.22451543593779202	0.24167194846086204	-0.017156512523070017
1130	gpt2	young adult vs older adult	7	M2	1	0.0	-0.011526396459278948	0.036319569490539494	0.04784596594981844	-0.01152639645927895
1131	gpt2	young adult vs older adult	7	M2	2	0.0	-0.0026089269770940005	0.022694778160560685	0.025303705137654686	-0.0026089269770940005
1132	gpt2	young adult vs older adult	7	M2	3	0.0	-0.017277334537842144	0.03883837686832214	0.05611571140616428	-0.017277334537842144
1133	gpt2	young adult vs older adult	7	M2	4	0.0	-0.003776318189920847	0.033230229368200484	0.037006547558121335	-0.0037763181899208506
1134	gpt2	young adult vs older adult	7	M2	5	0.16666666666666666	-0.006227914399156963	0.1922349353941778	0.19846284979333476	-0.0062279143991569585
1135	gpt2	young adult vs older adult	7	M3	1	0.2222222222222222	-0.011768300241480264	0.10082978915630111	0.11259808939778138	-0.011768300241480262
1136	gpt2	young adult vs older adult	7	M3	2	0.2222222222222222	-0.0014285467978980768	0.04432404926046724	0.04575259605836532	-0.0014285467978980768
1137	gpt2	young adult vs older adult	7	M3	3	0.2222222222222222	-0.013842016225680718	0.05145256094531048	0.0652945771709912	-0.013842016225680723
1138	gpt2	young adult vs older adult	7	M3	4	0.1111111111111111	-0.005392006520802777	0.07129815808083444	0.0766901646016372	-0.005392006520802767
1139	gpt2	young adult vs older adult	7	M3	5	0.0	-0.0097245507899465	0.06416566353032566	0.07389021432027215	-0.009724550789946496
1140	gpt2	young adult vs older adult	7	M4	1	0.3333333333333333	-0.004525403181711827	0.11342407266298928	0.1179494758447011	-0.004525403181711823
1141	gpt2	young adult vs older adult	7	M4	2	0.3333333333333333	0.0003365265050282162	0.052550623115772965	0.05221409661074475	0.00033652650502821735
1142	gpt2	young adult vs older adult	7	M4	3	0.3333333333333333	-0.008816874430825334	0.06345778936520213	0.07227466379602747	-0.008816874430825336
1143	gpt2	young adult vs older adult	7	M4	4	0.3333333333333333	-0.0009680664322028361	0.08530395252940552	0.08627201896160835	-0.0009680664322028326
1144	gpt2	young adult vs older adult	7	M4	5	0.0	-0.00971199389702329	0.06419538590125735	0.07390737979828065	-0.009711993897023291
1145	gpt2	young adult vs older adult	7	M5	1	0.11904761904761904	-0.00751820377800391	0.05695018068217901	0.06446838446018292	-0.007518203778003912
1146	gpt2	young adult vs older adult	7	M5	2	0.19047619047619047	-0.00116391512260418	0.03902663846894848	0.040190553591552665	-0.0011639151226041852
1147	gpt2	young adult vs older adult	7	M5	3	0.14285714285714285	-0.009189099597625464	0.04486319548041566	0.05405229507804112	-0.009189099597625462
1148	gpt2	young adult vs older adult	7	M5	4	0.09523809523809523	-0.002700634627000819	0.049113478378222594	0.051814113005223414	-0.0027006346270008197
1149	gpt2	young adult vs older adult	7	M5	5	0.21428571428571427	-0.009311560317395825	0.13062656737609007	0.1399381276934859	-0.009311560317395828
1150	gpt2	young adult vs older adult	7	M6	1	0.21428571428571427	-0.007978542803487336	0.08151928141264107	0.08949782421612841	-0.007978542803487337
1151	gpt2	young adult vs older adult	7	M6	2	0.21428571428571427	-0.0004130025421805631	0.037203051633696256	0.03761605417587682	-0.0004130025421805669
1152	gpt2	young adult vs older adult	7	M6	3	0.21428571428571427	-0.01125056954112681	0.0471660282815459	0.05841659782267271	-0.011250569541126805
1153	gpt2	young adult vs older adult	7	M6	4	0.17857142857142858	-0.002167495203528749	0.061302339818212155	0.0634698350217409	-0.002167495203528748
1154	gpt2	young adult vs older adult	7	M6	5	0.10714285714285714	-0.006743996004973144	0.14435413622829527	0.15109813223326843	-0.006743996004973163
1155	gpt2	young adult vs older adult	7	M7	1	0.2413793103448276	-0.004913238734749527	0.09089876198388455	0.09581200071863408	-0.0049132387347495254
1156	gpt2	young adult vs older adult	7	M7	2	0.3103448275862069	0.000607126173204525	0.05136510189255075	0.05075797571934623	0.0006071261732045197
1157	gpt2	young adult vs older adult	7	M7	3	0.27586206896551724	-0.010331908945804099	0.05177944126563516	0.062111350211439265	-0.010331908945804102
1158	gpt2	young adult vs older adult	7	M7	4	0.1724137931034483	-0.0020656144007606676	0.06647259678871263	0.0685382111894733	-0.002065614400760668
1159	gpt2	young adult vs older adult	7	M7	5	0.06896551724137931	-0.011918327716432107	0.05230406142800342	0.06422238914443554	-0.011918327716432114
1160	gpt2	young adult vs older adult	7	M8	1	0.16091954022988506	-0.007787876022476493	0.07503073866112453	0.08281861468360102	-0.007787876022476492
1161	gpt2	young adult vs older adult	7	M8	2	0.16091954022988506	-0.0012788369851749754	0.03595666136045796	0.037235498345632945	-0.0012788369851749817
1162	gpt2	young adult vs older adult	7	M8	3	0.14942528735632185	-0.009368238595632792	0.04350904970329141	0.052877288298924206	-0.009368238595632794
1163	gpt2	young adult vs older adult	7	M8	4	0.09195402298850575	-0.0027450574019602008	0.05466877375429558	0.057413831156255785	-0.0027450574019602034
1164	gpt2	young adult vs older adult	7	M8	5	0.10344827586206896	-0.014221584059533209	0.1323086796460563	0.14653026370558953	-0.014221584059533221
1165	gpt2	young adult vs older adult	7	M9	1	0.15217391304347827	-0.007831985922403749	0.07582915395703264	0.08366113987943638	-0.007831985922403736
1166	gpt2	young adult vs older adult	7	M9	2	0.17391304347826086	-0.0009441373056134839	0.040469739005066355	0.04141387631067984	-0.0009441373056134836
1167	gpt2	young adult vs older adult	7	M9	3	0.10869565217391304	-0.009854781890364548	0.0438222562404363	0.05367703813080084	-0.009854781890364539
1168	gpt2	young adult vs older adult	7	M9	4	0.13043478260869565	-0.002613533507191394	0.052430700964775805	0.0550442344719672	-0.0026135335071913943
1169	gpt2	young adult vs older adult	7	M9	5	0.06521739130434782	-0.01213220024051818	0.074399107654007	0.08653130789452516	-0.01213220024051817
