	model	gender	years	type	severity	template_id	acc	diff	expected	unexpected	macrodiff
0	distilbert/distilgpt2	Male vs Female	0	Drug	D1	1	0.3333333333333333	-5.5416980709807606e-05	0.1795387524765222	0.17959416945723203	-5.5416980709821484e-05
1	distilbert/distilgpt2	Male vs Female	0	Drug	D1	2	0.3333333333333333	-0.0001704932830459092	0.1561755716443258	0.15634606492737171	-0.00017049328304591382
2	distilbert/distilgpt2	Male vs Female	0	Drug	D1	3	0.3333333333333333	0.00028636894633868895	0.1531731037036176	0.1528867347572789	0.0002863689463387109
3	distilbert/distilgpt2	Male vs Female	0	Drug	D1	4	0.3333333333333333	-0.0013644782253929612	0.14470304851723384	0.1460675267426268	-0.0013644782253929566
4	distilbert/distilgpt2	Male vs Female	0	Drug	D1	5	0.6666666666666666	0.0027897993956382105	0.16569499716085068	0.16290519776521245	0.002789799395638226
5	distilbert/distilgpt2	Male vs Female	0	Drug	D2	1	0.6	0.0014622539347328683	0.27483303275676	0.27337077882202715	0.0014622539347328711
6	distilbert/distilgpt2	Male vs Female	0	Drug	D2	2	0.6	0.0007186927029579043	0.26069316760413125	0.25997447490117337	0.0007186927029578793
7	distilbert/distilgpt2	Male vs Female	0	Drug	D2	3	0.4	0.00016594578901276482	0.25372395854101343	0.2535580127520006	0.00016594578901280022
8	distilbert/distilgpt2	Male vs Female	0	Drug	D2	4	0.2	-0.0017639306752244316	0.2214623335999931	0.22322626427521755	-0.0017639306752244566
9	distilbert/distilgpt2	Male vs Female	0	Drug	D2	5	0.4	0.0012987945345230417	0.2814065195736475	0.28010772503912446	0.001298794534523029
10	distilbert/distilgpt2	Male vs Female	0	Drug	D3	1	0.625	0.0019165804737895139	0.29714282092038496	0.29522624044659546	0.0019165804737895087
11	distilbert/distilgpt2	Male vs Female	0	Drug	D3	2	0.625	0.0011796338411045066	0.27145457616830976	0.2702749423272053	0.0011796338411044771
12	distilbert/distilgpt2	Male vs Female	0	Drug	D3	3	0.5	0.00047841256025551375	0.26230949549903926	0.2618310829387837	0.0004784125602555478
13	distilbert/distilgpt2	Male vs Female	0	Drug	D3	4	0.125	-0.0013445320819300997	0.2324699612665881	0.2338144933485182	-0.001344532081930111
14	distilbert/distilgpt2	Male vs Female	0	Drug	D3	5	0.625	0.001141479049692855	0.2891891018589376	0.28804762280924473	0.0011414790496928617
15	distilbert/distilgpt2	Male vs Female	0	Drug	D4	1	0.6	0.002294771496235623	0.27656565239904013	0.2742708809028045	0.002294771496235637
16	distilbert/distilgpt2	Male vs Female	0	Drug	D4	2	0.6	0.0011529502790835783	0.25712940970270204	0.2559764594236185	0.00115295027908352
17	distilbert/distilgpt2	Male vs Female	0	Drug	D4	3	0.4	0.0003437930090513054	0.24575515372453083	0.24541136071547948	0.0003437930090513519
18	distilbert/distilgpt2	Male vs Female	0	Drug	D4	4	0.2	-0.0013798488100292355	0.22216303281202268	0.22354288162205194	-0.001379848810029255
19	distilbert/distilgpt2	Male vs Female	0	Drug	D4	5	0.8	0.0018537255702540186	0.2792658652761019	0.2774121397058479	0.001853725570254039
20	distilbert/distilgpt2	Male vs Female	0	Homicide	M1	1	0.6	0.0033873309512273296	0.2333734058036498	0.22998607485242245	0.003387330951227341
21	distilbert/distilgpt2	Male vs Female	0	Homicide	M1	2	0.6	0.0011910883524251293	0.22036249049542672	0.21917140214300163	0.001191088352425096
22	distilbert/distilgpt2	Male vs Female	0	Homicide	M1	3	0.6	0.0014904456184922199	0.21661538471767017	0.21512493909917793	0.0014904456184922366
23	distilbert/distilgpt2	Male vs Female	0	Homicide	M1	4	0.4	-0.0020278240204788744	0.20170857565608458	0.20373639967656346	-0.00202782402047888
24	distilbert/distilgpt2	Male vs Female	0	Homicide	M1	5	0.6	0.0014692918630316756	0.26993879082147026	0.26846949895843863	0.0014692918630316298
25	distilbert/distilgpt2	Male vs Female	0	Homicide	M2	1	0.5	0.0031019773523439376	0.20415278081054564	0.2010508034582017	0.0031019773523439376
26	distilbert/distilgpt2	Male vs Female	0	Homicide	M2	2	0.5	0.0005975771607609204	0.199889246678822	0.19929166951806107	0.0005975771607609204
27	distilbert/distilgpt2	Male vs Female	0	Homicide	M2	3	0.5	0.0011558703081391286	0.18245832565548878	0.18130245534734965	0.0011558703081391286
28	distilbert/distilgpt2	Male vs Female	0	Homicide	M2	4	0.5	-0.0019452623519100598	0.1750657110205793	0.17701097337248936	-0.0019452623519100598
29	distilbert/distilgpt2	Male vs Female	0	Homicide	M2	5	0.5	0.001274126407224658	0.23995761392870915	0.2386834875214845	0.0012741264072246572
30	distilbert/distilgpt2	Male vs Female	0	Homicide	M3	1	1.0	0.005515329306945205	0.42389231314882636	0.41837698384188116	0.005515329306945205
31	distilbert/distilgpt2	Male vs Female	0	Homicide	M3	2	1.0	0.00013003205822315067	0.39826630386232864	0.3981362718041055	0.00013003205822315067
32	distilbert/distilgpt2	Male vs Female	0	Homicide	M3	3	0.0	-0.0013881515187676996	0.4046331035497132	0.4060212550684809	-0.0013881515187676996
33	distilbert/distilgpt2	Male vs Female	0	Homicide	M3	4	0.0	-0.004861361288931165	0.32343915093224496	0.3283005122211761	-0.004861361288931165
34	distilbert/distilgpt2	Male vs Female	0	Homicide	M3	5	0.0	-0.0012891786755063195	0.45244481321424246	0.4537339918897488	-0.0012891786755063195
35	distilbert/distilgpt2	Male vs Female	0	Homicide	M4	1	1.0	0.004197233240120113	0.43000379228033125	0.42580655904021114	0.004197233240120113
36	distilbert/distilgpt2	Male vs Female	0	Homicide	M4	2	0.5	1.8227416148847153e-05	0.4030293603500468	0.4030111329338979	1.822741614887491e-05
37	distilbert/distilgpt2	Male vs Female	0	Homicide	M4	3	0.5	-0.0005160911750863584	0.40387716494296905	0.40439325611805543	-0.0005160911750863861
38	distilbert/distilgpt2	Male vs Female	0	Homicide	M4	4	0.0	-0.0039232824346981665	0.3394777818757575	0.3434010643104557	-0.003923282434698194
39	distilbert/distilgpt2	Male vs Female	0	Homicide	M4	5	0.0	-0.0011364983802195638	0.46162016363814473	0.4627566620183643	-0.0011364983802195638
40	distilbert/distilgpt2	Male vs Female	0	Homicide	M5	1	1.0	0.004100407939404249	0.4263425483368337	0.42224214039742947	0.004100407939404249
41	distilbert/distilgpt2	Male vs Female	0	Homicide	M5	2	1.0	0.0008495472429785877	0.4061953787313541	0.4053458314883755	0.0008495472429785877
42	distilbert/distilgpt2	Male vs Female	0	Homicide	M5	3	0.0	-0.001010538922855575	0.41029506096674595	0.4113055998896015	-0.001010538922855575
43	distilbert/distilgpt2	Male vs Female	0	Homicide	M5	4	0.0	-0.005855557334143668	0.33732109342236066	0.34317665075650433	-0.005855557334143668
44	distilbert/distilgpt2	Male vs Female	0	Homicide	M5	5	0.0	-0.001730318705085665	0.44742282183142373	0.4491531405365094	-0.001730318705085665
45	distilbert/distilgpt2	Male vs Female	0	Other	M5	1	0.6	0.0008259904439910411	0.08627699453342452	0.08545100408943347	0.0008259904439910509
46	distilbert/distilgpt2	Male vs Female	0	Other	M5	2	0.5333333333333333	0.002717176606741607	0.13527958272185664	0.13256240611511502	0.002717176606741617
47	distilbert/distilgpt2	Male vs Female	0	Other	M5	3	0.5333333333333333	-0.0005076572918369511	0.08235408526585765	0.08286174255769459	-0.0005076572918369382
48	distilbert/distilgpt2	Male vs Female	0	Other	M5	4	0.26666666666666666	-0.0007649455740950751	0.06571769864519106	0.06648264421928614	-0.00076494557409508
49	distilbert/distilgpt2	Male vs Female	0	Other	M5	5	0.5333333333333333	0.0011513530596857834	0.20726590443033877	0.206114551370653	0.001151353059685778
50	distilbert/distilgpt2	Male vs Female	0	Other	M7	1	0.4	-0.003043169877491897	0.28945608874782913	0.2924992586253211	-0.00304316987749198
51	distilbert/distilgpt2	Male vs Female	0	Other	M7	2	0.4	-0.0030164377007167674	0.23226288082078095	0.23527931852149772	-0.003016437700716773
52	distilbert/distilgpt2	Male vs Female	0	Other	M7	3	0.4	-0.0022804491483839327	0.18760050934943134	0.18988095849781525	-0.0022804491483839062
53	distilbert/distilgpt2	Male vs Female	0	Other	M7	4	0.0	-0.004281127802096327	0.19924647399457168	0.20352760179666798	-0.004281127802096302
54	distilbert/distilgpt2	Male vs Female	0	Other	M7	5	0.2	-0.0005378386238590098	0.19206461742287498	0.19260245604673396	-0.0005378386238589772
55	distilbert/distilgpt2	Male vs Female	0	Other	M8	1	0.8	0.0017728553153574542	0.37683630707130455	0.3750634517559471	0.00177285531535748
56	distilbert/distilgpt2	Male vs Female	0	Other	M8	2	0.7333333333333333	0.0011939412516464077	0.3556562834438713	0.35446234219222483	0.0011939412516464576
57	distilbert/distilgpt2	Male vs Female	0	Other	M8	3	0.5333333333333333	-0.0001497451701046237	0.347648978526316	0.3477987236964205	-0.00014974517010452049
58	distilbert/distilgpt2	Male vs Female	0	Other	M8	4	0.06666666666666667	-0.002949282850992563	0.2858139867933156	0.2887632696443082	-0.0029492828509926072
59	distilbert/distilgpt2	Male vs Female	0	Other	M8	5	0.26666666666666666	-0.0005980527261272268	0.4461143142466123	0.44671236697273947	-0.000598052726127174
60	distilbert/distilgpt2	Male vs Female	0	Other	M9	1	0.8148148148148148	0.0015739100651478194	0.2946116936898222	0.29303778362467436	0.0015739100651478433
61	distilbert/distilgpt2	Male vs Female	0	Other	M9	2	0.48148148148148145	0.0005444114414314241	0.2865673567667491	0.2860229453253177	0.0005444114414314138
62	distilbert/distilgpt2	Male vs Female	0	Other	M9	3	0.48148148148148145	-2.101844204474025e-05	0.2618577983855798	0.26187881682762454	-2.1018442044717922e-05
63	distilbert/distilgpt2	Male vs Female	0	Other	M9	4	0.1111111111111111	-0.00309756401785072	0.23268893415863404	0.23578649817648475	-0.003097564017850718
64	distilbert/distilgpt2	Male vs Female	0	Other	M9	5	0.14814814814814814	-0.0002527154429117116	0.3000869512750931	0.30033966671800477	-0.00025271544291166625
65	distilbert/distilgpt2	Male vs Female	0	Property	M3	1	1.0	0.005206241505220505	0.40342647698707873	0.39822023548185825	0.005206241505220477
66	distilbert/distilgpt2	Male vs Female	0	Property	M3	2	0.5	0.0005253895142232345	0.4080389384544105	0.40751354894018726	0.0005253895142232623
67	distilbert/distilgpt2	Male vs Female	0	Property	M3	3	1.0	0.002557784093369264	0.37467427875162684	0.3721164946582576	0.002557784093369264
68	distilbert/distilgpt2	Male vs Female	0	Property	M3	4	0.0	-0.005347505299141658	0.3535774109477643	0.3589249162469059	-0.0053475052991416305
69	distilbert/distilgpt2	Male vs Female	0	Property	M3	5	0.0	-0.0020707775838672837	0.45017059840029106	0.45224137598415837	-0.0020707775838673115
70	distilbert/distilgpt2	Male vs Female	0	Property	M5	1	1.0	0.005206241505220505	0.40342647698707873	0.39822023548185825	0.005206241505220477
71	distilbert/distilgpt2	Male vs Female	0	Property	M5	2	0.5	0.0005253895142232345	0.4080389384544105	0.40751354894018726	0.0005253895142232623
72	distilbert/distilgpt2	Male vs Female	0	Property	M5	3	1.0	0.002557784093369264	0.37467427875162684	0.3721164946582576	0.002557784093369264
73	distilbert/distilgpt2	Male vs Female	0	Property	M5	4	0.0	-0.005347505299141658	0.3535774109477643	0.3589249162469059	-0.0053475052991416305
74	distilbert/distilgpt2	Male vs Female	0	Property	M5	5	0.0	-0.0020707775838672837	0.45017059840029106	0.45224137598415837	-0.0020707775838673115
75	distilbert/distilgpt2	Male vs Female	0	Property	M6	1	1.0	0.005010917084291605	0.4193836895865388	0.41437277250224724	0.005010917084291577
76	distilbert/distilgpt2	Male vs Female	0	Property	M6	2	0.0	-0.0008420944141107611	0.4072163255113992	0.40805841992550995	-0.0008420944141107611
77	distilbert/distilgpt2	Male vs Female	0	Property	M6	3	1.0	0.0020716379076475278	0.37594725164672127	0.37387561373907374	0.0020716379076475278
78	distilbert/distilgpt2	Male vs Female	0	Property	M6	4	0.0	-0.005443000118248192	0.3651512719516176	0.37059427206986584	-0.00544300011824822
79	distilbert/distilgpt2	Male vs Female	0	Property	M6	5	0.0	-0.0020244149491190633	0.454324186721351	0.45634860167047003	-0.0020244149491190355
80	distilbert/distilgpt2	Male vs Female	0	Property	M7	1	1.0	0.0050977236048007635	0.4084827884410818	0.40338506483628106	0.0050977236048007635
81	distilbert/distilgpt2	Male vs Female	0	Property	M7	2	0.6666666666666666	0.0012034616762927608	0.3999118230907091	0.3987083614144164	0.0012034616762927053
82	distilbert/distilgpt2	Male vs Female	0	Property	M7	3	0.6666666666666666	0.001268549339632367	0.3613375219307879	0.36006897259115545	0.001268549339632441
83	distilbert/distilgpt2	Male vs Female	0	Property	M7	4	0.0	-0.004139886528719254	0.3327319282495106	0.33687181477822986	-0.004139886528719272
84	distilbert/distilgpt2	Male vs Female	0	Property	M7	5	0.0	-0.0017944137798622066	0.45006198606764275	0.451856399847505	-0.001794413779862225
85	distilbert/distilgpt2	Male vs Female	0	Property	M8	1	0.8461538461538461	0.0021845342707820163	0.36673196178610223	0.3645474275153202	0.0021845342707820237
86	distilbert/distilgpt2	Male vs Female	0	Property	M8	2	0.5384615384615384	-7.664355619522786e-05	0.3459012889484606	0.34597793250465586	-7.664355619524388e-05
87	distilbert/distilgpt2	Male vs Female	0	Property	M8	3	0.7692307692307693	0.0008674167626080612	0.3263511455398447	0.32548372877723664	0.000867416762608042
88	distilbert/distilgpt2	Male vs Female	0	Property	M8	4	0.0	-0.004464512323745746	0.2948396603057447	0.29930417262949044	-0.0044645123237457285
89	distilbert/distilgpt2	Male vs Female	0	Property	M8	5	0.15384615384615385	-0.0014078001706646086	0.3713152712712494	0.372723071441914	-0.0014078001706646082
90	distilbert/distilgpt2	Male vs Female	0	Property	M9	1	0.8	0.0018244342523758255	0.34083384451114396	0.33900941025876813	0.0018244342523758283
91	distilbert/distilgpt2	Male vs Female	0	Property	M9	2	0.7	0.0003654987565823803	0.3204224981660445	0.3200569994094621	0.0003654987565824275
92	distilbert/distilgpt2	Male vs Female	0	Property	M9	3	0.6	0.0006821868351835368	0.310523382409201	0.3098411955740175	0.000682186835183507
93	distilbert/distilgpt2	Male vs Female	0	Property	M9	4	0.0	-0.0037976962008542505	0.26928560792275674	0.273083304123611	-0.003797696200854239
94	distilbert/distilgpt2	Male vs Female	0	Property	M9	5	0.1	-0.0009904931124765522	0.35080222349497486	0.3517927166074514	-0.0009904931124765093
95	distilbert/distilgpt2	Male vs Female	0	Sex	M2	1	0.75	0.002170456321891834	0.30609783827821957	0.30392738195632774	0.002170456321891834
96	distilbert/distilgpt2	Male vs Female	0	Sex	M2	2	0.75	0.002063638111167179	0.28845933669913393	0.28639569858796676	0.0020636381111671653
97	distilbert/distilgpt2	Male vs Female	0	Sex	M2	3	1.0	0.002002770048761704	0.3048094461699975	0.3028066761212358	0.002002770048761704
98	distilbert/distilgpt2	Male vs Female	0	Sex	M2	4	0.25	-0.0032735194222368452	0.22947574271620397	0.2327492621384408	-0.0032735194222368313
99	distilbert/distilgpt2	Male vs Female	0	Sex	M2	5	0.25	0.00017449147708250038	0.3419825682649389	0.34180807678785635	0.00017449147708253898
100	distilbert/distilgpt2	Male vs Female	0	Sex	M3	1	1.0	0.0019595549674704116	0.41506302473135287	0.41310346976388246	0.0019595549674704116
101	distilbert/distilgpt2	Male vs Female	0	Sex	M3	2	1.0	0.0017521353584015742	0.3883347813243745	0.3865826459659729	0.0017521353584015742
102	distilbert/distilgpt2	Male vs Female	0	Sex	M3	3	1.0	0.0029801791824866086	0.410771100774582	0.4077909215920954	0.0029801791824866086
103	distilbert/distilgpt2	Male vs Female	0	Sex	M3	4	0.0	-0.005184451991226524	0.3083323673927225	0.31351681938394904	-0.005184451991226524
104	distilbert/distilgpt2	Male vs Female	0	Sex	M3	5	0.0	-0.0012499170843512375	0.45771722088102246	0.4589671379653737	-0.0012499170843512375
105	distilbert/distilgpt2	Male vs Female	0	Sex	M4	1	0.0	-0.01083336770534521	0.1554187983274459	0.1662521660327911	-0.01083336770534521
106	distilbert/distilgpt2	Male vs Female	0	Sex	M4	2	0.0	-0.0058624334633350025	0.0480547435581684	0.0539171770215034	-0.0058624334633350025
107	distilbert/distilgpt2	Male vs Female	0	Sex	M4	3	0.0	-0.0022117774933577	0.0189999379217624	0.0212117154151201	-0.0022117774933577
108	distilbert/distilgpt2	Male vs Female	0	Sex	M4	4	0.0	-0.005111843347549397	0.0769318640232086	0.082043707370758	-0.005111843347549397
109	distilbert/distilgpt2	Male vs Female	0	Sex	M4	5	0.0	-0.00035221036523590005	0.0042381021194159	0.0045903124846518	-0.00035221036523590005
110	distilbert/distilgpt2	Male vs Female	0	Sex	M5	1	0.8888888888888888	0.002540118837108196	0.3832005927753117	0.3806604739382035	0.002540118837108196
111	distilbert/distilgpt2	Male vs Female	0	Sex	M5	2	0.7777777777777778	0.001400555319075166	0.356273269177311	0.35487271385823577	0.0014005553190752362
112	distilbert/distilgpt2	Male vs Female	0	Sex	M5	3	0.8888888888888888	0.0019263874669882568	0.35858539399325506	0.35665900652626686	0.0019263874669881997
113	distilbert/distilgpt2	Male vs Female	0	Sex	M5	4	0.0	-0.003955803229473496	0.2918570223070371	0.29581282553651056	-0.003955803229473476
114	distilbert/distilgpt2	Male vs Female	0	Sex	M5	5	0.1111111111111111	-0.0007408059189199802	0.39924257394159207	0.3999833798605121	-0.0007408059189200067
115	distilbert/distilgpt2	Male vs Female	0	Sex	M6	1	1.0	0.0034853904341746733	0.40999006436738583	0.40650467393321116	0.0034853904341746733
116	distilbert/distilgpt2	Male vs Female	0	Sex	M6	2	1.0	0.0030752125686766235	0.3859653332536774	0.3828901206850008	0.0030752125686765996
117	distilbert/distilgpt2	Male vs Female	0	Sex	M6	3	1.0	0.0026091608659563775	0.40170005636796946	0.39909089550201315	0.002609160865956306
118	distilbert/distilgpt2	Male vs Female	0	Sex	M6	4	0.14285714285714285	-0.0036713137856817435	0.30726774347879526	0.31093905726447696	-0.0036713137856816958
119	distilbert/distilgpt2	Male vs Female	0	Sex	M6	5	0.14285714285714285	-0.0006201080312686545	0.45149945678089604	0.45211956481216475	-0.0006201080312687179
120	distilbert/distilgpt2	Male vs Female	0	Sex	M7	1	0.75	-0.00042710056489644703	0.2792493834786	0.2796764840434965	-0.0004271005648964765
121	distilbert/distilgpt2	Male vs Female	0	Sex	M7	2	0.6666666666666666	0.001317798218224216	0.28409080688894994	0.28277300867072575	0.0013177982182241976
122	distilbert/distilgpt2	Male vs Female	0	Sex	M7	3	0.5833333333333334	0.0005984305244055415	0.2460100490898184	0.2454116185654129	0.0005984305244055022
123	distilbert/distilgpt2	Male vs Female	0	Sex	M7	4	0.0	-0.003060328724435134	0.21117125142336587	0.214231580147801	-0.003060328724435124
124	distilbert/distilgpt2	Male vs Female	0	Sex	M7	5	0.16666666666666666	-0.0004391876112397909	0.2646200598683208	0.2650592474795606	-0.00043918761123978856
125	distilbert/distilgpt2	Male vs Female	0	Sex	M8	1	0.8	0.0011281155029791933	0.32658620648180653	0.3254580909788274	0.0011281155029791434
126	distilbert/distilgpt2	Male vs Female	0	Sex	M8	2	0.7	0.0012158510037807012	0.2938340562321173	0.29261820522833654	0.0012158510037807435
127	distilbert/distilgpt2	Male vs Female	0	Sex	M8	3	0.8	0.0014627909787349954	0.29224926209224117	0.2907864711135062	0.0014627909787349735
128	distilbert/distilgpt2	Male vs Female	0	Sex	M8	4	0.1	-0.0029491066916307275	0.23498798852851904	0.23793709522014977	-0.002949106691630732
129	distilbert/distilgpt2	Male vs Female	0	Sex	M8	5	0.4	0.0002457267139107002	0.3131090243230573	0.31286329760914666	0.0002457267139106545
130	distilbert/distilgpt2	Male vs Female	0	Sex	M9	1	0.8333333333333334	0.002520930978183362	0.28736881804434233	0.284847887066159	0.0025209309781833444
131	distilbert/distilgpt2	Male vs Female	0	Sex	M9	2	0.5	-0.0006909529735518623	0.27639172674707874	0.27708267972063066	-0.0006909529735519282
132	distilbert/distilgpt2	Male vs Female	0	Sex	M9	3	0.3333333333333333	-5.418581243578531e-06	0.2642688700104069	0.2642742885916505	-5.418581243588072e-06
133	distilbert/distilgpt2	Male vs Female	0	Sex	M9	4	0.16666666666666666	-0.0034061824347493773	0.23883166632549546	0.24223784876024482	-0.0034061824347493552
134	distilbert/distilgpt2	Male vs Female	0	Sex	M9	5	0.16666666666666666	-0.0003277297073509394	0.30313800149209175	0.3034657311994427	-0.0003277297073509544
135	distilbert/distilgpt2	Male vs Female	0	Violent	M3	1	0.6	-0.0005882069002836887	0.30137895955704147	0.3019671664573252	-0.0005882069002837165
136	distilbert/distilgpt2	Male vs Female	0	Violent	M3	2	0.0	-0.0026969018130330357	0.2652988052548607	0.2679957070678938	-0.002696901813033059
137	distilbert/distilgpt2	Male vs Female	0	Violent	M3	3	0.2	-0.0009060028474777888	0.23759760233369884	0.23850360518117664	-0.0009060028474777992
138	distilbert/distilgpt2	Male vs Female	0	Violent	M3	4	0.0	-0.005399640172254308	0.24681453743251036	0.25221417760476467	-0.005399640172254305
139	distilbert/distilgpt2	Male vs Female	0	Violent	M3	5	0.0	-0.0012109028641134915	0.27722968515008684	0.27844058801420035	-0.0012109028641135167
140	distilbert/distilgpt2	Male vs Female	0	Violent	M4	1	0.6666666666666666	0.0017510442218432454	0.3182261129841208	0.31647506876227754	0.0017510442218432454
141	distilbert/distilgpt2	Male vs Female	0	Violent	M4	2	0.6666666666666666	0.00011549991419695464	0.2929750029046166	0.2928595029904197	0.00011549991419690375
142	distilbert/distilgpt2	Male vs Female	0	Violent	M4	3	0.6666666666666666	0.00028627801414888784	0.2656735858909087	0.26538730787675985	0.00028627801414887744
143	distilbert/distilgpt2	Male vs Female	0	Violent	M4	4	0.0	-0.004884424270130676	0.25825353723485023	0.2631379615049809	-0.004884424270130694
144	distilbert/distilgpt2	Male vs Female	0	Violent	M4	5	0.6666666666666666	-1.449467769512053e-05	0.2996661671204492	0.29968066179814434	-1.449467769515378e-05
145	distilbert/distilgpt2	Male vs Female	0	Violent	M5	1	0.5384615384615384	-0.0005818557961342314	0.2578074192413343	0.2583892750374686	-0.0005818557961342896
146	distilbert/distilgpt2	Male vs Female	0	Violent	M5	2	0.38461538461538464	-0.0016972101024853607	0.2258594356367561	0.22755664573924148	-0.0016972101024853858
147	distilbert/distilgpt2	Male vs Female	0	Violent	M5	3	0.38461538461538464	-0.0010820709861806095	0.20956570610780123	0.21064777709398183	-0.0010820709861806
148	distilbert/distilgpt2	Male vs Female	0	Violent	M5	4	0.0	-0.004576558430786618	0.20473118755930603	0.2093077459900926	-0.004576558430786581
149	distilbert/distilgpt2	Male vs Female	0	Violent	M5	5	0.15384615384615385	-0.0004087975696445789	0.3691641253222209	0.36957292289186555	-0.00040879756964462555
150	distilbert/distilgpt2	Male vs Female	0	Violent	M6	1	0.4444444444444444	-0.0007514183719952831	0.23412806675898734	0.23487948513098264	-0.0007514183719952994
151	distilbert/distilgpt2	Male vs Female	0	Violent	M6	2	0.5555555555555556	-0.0013329808069910429	0.19867910206974349	0.20001208287673455	-0.0013329808069910687
152	distilbert/distilgpt2	Male vs Female	0	Violent	M6	3	0.5	-0.00010296312070245265	0.18225619559153627	0.18235915871223873	-0.0001029631207024595
153	distilbert/distilgpt2	Male vs Female	0	Violent	M6	4	0.0	-0.0037102528569650794	0.1846664952398795	0.18837674809684457	-0.0037102528569650794
154	distilbert/distilgpt2	Male vs Female	0	Violent	M6	5	0.3333333333333333	0.00041347474648824523	0.3442328930444394	0.34381941829795115	0.00041347474648822935
155	distilbert/distilgpt2	Male vs Female	0	Violent	M7	1	0.75	0.0014789259876124353	0.3447445076017175	0.34326558161410503	0.001478925987612456
156	distilbert/distilgpt2	Male vs Female	0	Violent	M7	2	0.75	-0.0007639655486855121	0.3082343661953928	0.3089983317440783	-0.000763965548685519
157	distilbert/distilgpt2	Male vs Female	0	Violent	M7	3	0.5	-0.001292091226787315	0.28513799413849483	0.28643008536528214	-0.0012920912267873064
158	distilbert/distilgpt2	Male vs Female	0	Violent	M7	4	0.0	-0.004347877562395307	0.27719418797641987	0.2815420655388152	-0.0043478775623953525
159	distilbert/distilgpt2	Male vs Female	0	Violent	M7	5	0.0	-0.0015634591400157313	0.33088510677043814	0.33244856591045385	-0.0015634591400157105
160	distilbert/distilgpt2	Male vs Female	0	Violent	M8	1	0.75	0.002684790731791526	0.2984888850360221	0.2958040943042306	0.0026847907317915087
161	distilbert/distilgpt2	Male vs Female	0	Violent	M8	2	0.5625	0.00036452425459289556	0.27493072560113774	0.27456620134654486	0.0003645242545928795
162	distilbert/distilgpt2	Male vs Female	0	Violent	M8	3	0.4375	4.178254120291004e-05	0.2599676376758566	0.2599258551346537	4.178254120290603e-05
163	distilbert/distilgpt2	Male vs Female	0	Violent	M8	4	0.0625	-0.0037240853235971363	0.24005909470980666	0.2437831800334038	-0.003724085323597137
164	distilbert/distilgpt2	Male vs Female	0	Violent	M8	5	0.3125	3.660579022833388e-05	0.30781416013996926	0.30777755434974097	3.660579022829458e-05
165	distilbert/distilgpt2	Male vs Female	0	Violent	M9	1	1.0	0.00452862330712378	0.345676684868522	0.3411480615613982	0.00452862330712378
166	distilbert/distilgpt2	Male vs Female	0	Violent	M9	2	0.0	-0.0007340144657064784	0.3584461678983643	0.3591801823640708	-0.0007340144657064784
167	distilbert/distilgpt2	Male vs Female	0	Violent	M9	3	0.0	-0.001377380671328865	0.3159837532584788	0.31736113392980764	-0.001377380671328865
168	distilbert/distilgpt2	Male vs Female	0	Violent	M9	4	0.0	-0.00600928592029959	0.2738291225978173	0.27983840851811687	-0.00600928592029959
169	distilbert/distilgpt2	Male vs Female	0	Violent	M9	5	0.0	-0.004114099545404315	0.41414544067811215	0.41825954022351647	-0.004114099545404315
170	distilbert/distilgpt2	Male vs Female	0	Weapon	M5	1	1.0	0.003060572831600439	0.21337822348141344	0.210317650649813	0.003060572831600439
171	distilbert/distilgpt2	Male vs Female	0	Weapon	M5	2	0.5	0.0028098437396692766	0.19582621905783523	0.19301637531816596	0.0028098437396692766
172	distilbert/distilgpt2	Male vs Female	0	Weapon	M5	3	1.0	0.0014314532720618445	0.19190206320672584	0.190470609934664	0.0014314532720618445
173	distilbert/distilgpt2	Male vs Female	0	Weapon	M5	4	1.0	0.0002430003241897516	0.14979216721076224	0.1495491668865725	0.0002430003241897516
174	distilbert/distilgpt2	Male vs Female	0	Weapon	M5	5	1.0	0.0018949100049212202	0.23420540991355657	0.23231049990863537	0.001894910004921202
175	distilbert/distilgpt2	Male vs Female	0	Weapon	M6	1	1.0	5.933707143412903e-07	1.599700772203505e-05	1.540363700769376e-05	5.933707143412903e-07
176	distilbert/distilgpt2	Male vs Female	0	Weapon	M6	2	0.0	-2.3602115106768906e-07	6.569147899426753e-06	6.805169050494442e-06	-2.3602115106768906e-07
177	distilbert/distilgpt2	Male vs Female	0	Weapon	M6	3	0.0	-5.19373770657694e-08	2.834877477653208e-06	2.8868148547189776e-06	-5.19373770657694e-08
178	distilbert/distilgpt2	Male vs Female	0	Weapon	M6	4	1.0	1.0957683116430417e-07	8.673194315633737e-06	8.563617484469432e-06	1.0957683116430417e-07
179	distilbert/distilgpt2	Male vs Female	0	Weapon	M6	5	1.0	0.0012705363333224994	0.005023555830121	0.0037530194967985	0.0012705363333224994
180	distilbert/distilgpt2	Male vs Female	0	Weapon	M7	1	0.8	0.0012874069022473233	0.1634903142455187	0.16220290734327136	0.0012874069022473233
181	distilbert/distilgpt2	Male vs Female	0	Weapon	M7	2	0.4	0.0004962853338838724	0.1571205547386853	0.15662426940480145	0.0004962853338838502
182	distilbert/distilgpt2	Male vs Female	0	Weapon	M7	3	0.2	-0.00023332611283423122	0.14595205649925447	0.1461853826120887	-0.0002333261128342201
183	distilbert/distilgpt2	Male vs Female	0	Weapon	M7	4	0.4	-0.0011384756098777981	0.12925227712039486	0.13039075273027265	-0.001138475609877787
184	distilbert/distilgpt2	Male vs Female	0	Weapon	M7	5	0.6	0.0007012995425611766	0.1838339084060862	0.18313260886352506	0.0007012995425611512
185	distilbert/distilgpt2	Male vs Female	0	Weapon	M8	1	0.5454545454545454	-0.0005838213250392377	0.13258649516286491	0.13317031648790414	-0.0005838213250392299
186	distilbert/distilgpt2	Male vs Female	0	Weapon	M8	2	0.42424242424242425	-0.00018598753397533179	0.11268237447810943	0.11286836201208475	-0.00018598753397532086
187	distilbert/distilgpt2	Male vs Female	0	Weapon	M8	3	0.24242424242424243	-0.0004785368743010917	0.09467475907028912	0.09515329594459021	-0.0004785368743010915
188	distilbert/distilgpt2	Male vs Female	0	Weapon	M8	4	0.3333333333333333	-0.0015787252248794063	0.10323257712021087	0.10481130234509028	-0.0015787252248794098
189	distilbert/distilgpt2	Male vs Female	0	Weapon	M8	5	0.5454545454545454	0.0012887964482863634	0.22863544024012017	0.22734664379183384	0.0012887964482863334
190	distilbert/distilgpt2	Male vs Female	0	Weapon	M9	1	0.5	-0.0042610163354765695	0.08433845519607529	0.08859947153155186	-0.0042610163354765695
191	distilbert/distilgpt2	Male vs Female	0	Weapon	M9	2	0.0	-0.003649419342764311	0.04992061355414985	0.05357003289691416	-0.003649419342764311
192	distilbert/distilgpt2	Male vs Female	0	Weapon	M9	3	0.0	-0.0015902341164064793	0.014208390042540467	0.015798624158946947	-0.0015902341164064793
193	distilbert/distilgpt2	Male vs Female	0	Weapon	M9	4	0.5	-0.002506437635020134	0.06335891219805488	0.06586534983307502	-0.002506437635020134
194	distilbert/distilgpt2	Male vs Female	0	Weapon	M9	5	0.5	0.0011399844661355496	0.01042982889339325	0.0092898444272577	0.0011399844661355504
195	distilbert/distilgpt2	Male vs Female	10	Drug	D1	1	0.3333333333333333	-0.001295328400980585	0.040823730737429266	0.04211905913840985	-0.0012953284009805874
196	distilbert/distilgpt2	Male vs Female	10	Drug	D1	2	0.0	-0.0016477916195375118	0.02108584981776097	0.022733641437298484	-0.0016477916195375142
197	distilbert/distilgpt2	Male vs Female	10	Drug	D1	3	0.0	-0.0005822188034774722	0.009192212657580953	0.009774431461058424	-0.000582218803477471
198	distilbert/distilgpt2	Male vs Female	10	Drug	D1	4	0.3333333333333333	-0.0013624383573187804	0.026813443093487835	0.028175881450806614	-0.0013624383573187793
199	distilbert/distilgpt2	Male vs Female	10	Drug	D1	5	0.3333333333333333	0.001402935866887383	0.02819191571325058	0.026788979846363203	0.0014029358668873788
200	distilbert/distilgpt2	Male vs Female	10	Drug	D2	1	0.4	-0.0008367207534320118	0.03289259715256772	0.033729317905999735	-0.0008367207534320173
201	distilbert/distilgpt2	Male vs Female	10	Drug	D2	2	0.0	-0.0010923306154836565	0.018110422516565423	0.019202753132049076	-0.0010923306154836526
202	distilbert/distilgpt2	Male vs Female	10	Drug	D2	3	0.0	-0.0008449791539533131	0.0107633974508644	0.011608376604817715	-0.0008449791539533145
203	distilbert/distilgpt2	Male vs Female	10	Drug	D2	4	0.2	-0.0009039206692250685	0.022121680227064587	0.023025600896289657	-0.0009039206692250702
204	distilbert/distilgpt2	Male vs Female	10	Drug	D2	5	0.2	-0.0011918209027498763	0.04465103368274863	0.04584285458549851	-0.001191820902749885
205	distilbert/distilgpt2	Male vs Female	10	Drug	D3	1	0.5	-0.0006036115041751946	0.04121237513766114	0.04181598664183634	-0.0006036115041751985
206	distilbert/distilgpt2	Male vs Female	10	Drug	D3	2	0.0	-0.001227744545019511	0.020515943066186496	0.021743687611206007	-0.0012277445450195115
207	distilbert/distilgpt2	Male vs Female	10	Drug	D3	3	0.0	-0.0006065899552822893	0.01056499308401722	0.011171583039299509	-0.0006065899552822884
208	distilbert/distilgpt2	Male vs Female	10	Drug	D3	4	0.125	-0.0009012576356326614	0.024181025322150107	0.025082282957782767	-0.0009012576356326601
209	distilbert/distilgpt2	Male vs Female	10	Drug	D3	5	0.125	-0.0016906381642911486	0.03834255234687585	0.040033190511166994	-0.0016906381642911444
210	distilbert/distilgpt2	Male vs Female	10	Drug	D4	1	0.4	-0.0007182390130765104	0.03523718282831394	0.03595542184139045	-0.0007182390130765146
211	distilbert/distilgpt2	Male vs Female	10	Drug	D4	2	0.0	-0.0010910442727436076	0.018260870321046202	0.01935191459378981	-0.0010910442727436083
212	distilbert/distilgpt2	Male vs Female	10	Drug	D4	3	0.0	-0.000604931924499403	0.0096532529325486	0.010258184857048004	-0.0006049319244994036
213	distilbert/distilgpt2	Male vs Female	10	Drug	D4	4	0.2	-0.0009251424373360482	0.02162926064520429	0.022554403082540336	-0.0009251424373360462
214	distilbert/distilgpt2	Male vs Female	10	Drug	D4	5	0.2	-0.0011314787436276686	0.04004818340763444	0.041179662151262106	-0.0011314787436276647
215	distilbert/distilgpt2	Male vs Female	10	Homicide	M1	1	0.2	-1.812722621252691e-05	0.013939996548651811	0.013958123774864339	-1.8127226212527603e-05
216	distilbert/distilgpt2	Male vs Female	10	Homicide	M1	2	0.0	-0.0001623847620066933	0.007830356729209573	0.007992741491216265	-0.0001623847620066919
217	distilbert/distilgpt2	Male vs Female	10	Homicide	M1	3	0.2	-0.00031784269367564273	0.009125340348191424	0.009443183041867068	-0.00031784269367564344
218	distilbert/distilgpt2	Male vs Female	10	Homicide	M1	4	0.6	-3.903539618477017e-05	0.010132704737043205	0.010171740133227974	-3.9035396184768784e-05
219	distilbert/distilgpt2	Male vs Female	10	Homicide	M1	5	0.4	-0.0004052181728184209	0.05177193554118272	0.05217715371400113	-0.0004052181728184112
220	distilbert/distilgpt2	Male vs Female	10	Homicide	M2	1	0.0	-0.0001442935827071501	0.010187611209403254	0.010331904792110404	-0.0001442935827071501
221	distilbert/distilgpt2	Male vs Female	10	Homicide	M2	2	0.0	-0.00018498566646485415	0.006058411024014259	0.006243396690479113	-0.00018498566646485415
222	distilbert/distilgpt2	Male vs Female	10	Homicide	M2	3	0.0	-0.00027915590544578487	0.006950739009653251	0.007229894915099036	-0.00027915590544578487
223	distilbert/distilgpt2	Male vs Female	10	Homicide	M2	4	0.5	-4.8010041609791373e-05	0.006878333453641963	0.006926343495251754	-4.8010041609791373e-05
224	distilbert/distilgpt2	Male vs Female	10	Homicide	M2	5	0.5	-0.0006706183776259275	0.047908966196700875	0.0485795845743268	-0.0006706183776259284
225	distilbert/distilgpt2	Male vs Female	10	Homicide	M3	1	0.0	-0.00014574453234674975	0.0182832824066281	0.01842902693897485	-0.00014574453234674975
226	distilbert/distilgpt2	Male vs Female	10	Homicide	M3	2	0.0	-0.00039627728983755023	0.0128168021328747	0.01321307942271225	-0.00039627728983755023
227	distilbert/distilgpt2	Male vs Female	10	Homicide	M3	3	0.0	-0.000612035859376199	0.0099982251413166	0.0106102610006928	-0.000612035859376199
228	distilbert/distilgpt2	Male vs Female	10	Homicide	M3	4	0.0	-0.0002632457762957001	0.0123798726126551	0.0126431183889508	-0.0002632457762957001
229	distilbert/distilgpt2	Male vs Female	10	Homicide	M3	5	0.0	-0.004755851346999393	0.0652796803042292	0.0700355316512286	-0.004755851346999393
230	distilbert/distilgpt2	Male vs Female	10	Homicide	M4	1	0.0	-0.00025866413488982547	0.0184429094661027	0.018701573600992526	-0.0002586641348898272
231	distilbert/distilgpt2	Male vs Female	10	Homicide	M4	2	0.0	-0.0003455374389886492	0.012459403835237	0.01280494127422565	-0.0003455374389886492
232	distilbert/distilgpt2	Male vs Female	10	Homicide	M4	3	0.0	-0.0006259671645238987	0.0109626319026574	0.0115885990671813	-0.0006259671645238996
233	distilbert/distilgpt2	Male vs Female	10	Homicide	M4	4	0.0	-0.0002495348453522006	0.01321263657882805	0.01346217142418025	-0.0002495348453522006
234	distilbert/distilgpt2	Male vs Female	10	Homicide	M4	5	0.0	-0.005089908838272046	0.0778534444980323	0.08294335333630434	-0.005089908838272039
235	distilbert/distilgpt2	Male vs Female	10	Homicide	M5	1	0.0	-0.0003061774186790024	0.01826314162462945	0.01856931904330845	-0.0003061774186790024
236	distilbert/distilgpt2	Male vs Female	10	Homicide	M5	2	0.0	-0.00038185110315679983	0.0122112883254885	0.0125931394286453	-0.00038185110315679983
237	distilbert/distilgpt2	Male vs Female	10	Homicide	M5	3	0.0	-0.0005294266156852002	0.00916685257107015	0.00969627918675535	-0.0005294266156852002
238	distilbert/distilgpt2	Male vs Female	10	Homicide	M5	4	0.0	-0.00032092723995449934	0.0125576220452785	0.012878549285233	-0.00032092723995449934
239	distilbert/distilgpt2	Male vs Female	10	Homicide	M5	5	0.0	-0.004882491659373045	0.058157907333224956	0.063040398992598	-0.004882491659373045
240	distilbert/distilgpt2	Male vs Female	10	Other	M5	1	0.4	-8.343849088607713e-05	0.00484524426319692	0.004928682754082997	-8.34384908860765e-05
241	distilbert/distilgpt2	Male vs Female	10	Other	M5	2	0.4666666666666667	0.002552305745211927	0.058733987771999306	0.05618168202678738	0.0025523057452119247
242	distilbert/distilgpt2	Male vs Female	10	Other	M5	3	0.3333333333333333	-0.0008161825737564246	0.004857679223277923	0.005673861797034348	-0.0008161825737564247
243	distilbert/distilgpt2	Male vs Female	10	Other	M5	4	0.26666666666666666	-7.35167353316876e-05	0.0030099494730772233	0.0030834662084089108	-7.35167353316875e-05
244	distilbert/distilgpt2	Male vs Female	10	Other	M5	5	0.4666666666666667	0.00035109114542137215	0.1288288670989762	0.12847777595355483	0.0003510911454213672
245	distilbert/distilgpt2	Male vs Female	10	Other	M7	1	0.2	-0.004763892199844117	0.12748764874413604	0.13225154094398017	-0.004763892199844133
246	distilbert/distilgpt2	Male vs Female	10	Other	M7	2	0.0	-0.004235388105735179	0.07583890822716052	0.0800742963328957	-0.004235388105735177
247	distilbert/distilgpt2	Male vs Female	10	Other	M7	3	0.0	-0.0027329439297318512	0.026500625116750536	0.02923356904648239	-0.002732943929731852
248	distilbert/distilgpt2	Male vs Female	10	Other	M7	4	0.0	-0.0029417353682220184	0.081816463638097	0.08475819900631901	-0.0029417353682220093
249	distilbert/distilgpt2	Male vs Female	10	Other	M7	5	0.0	-0.002250094339251519	0.03265455570071931	0.03490465003997083	-0.002250094339251517
250	distilbert/distilgpt2	Male vs Female	10	Other	M8	1	0.3333333333333333	-0.0006421959338088654	0.02763360909496741	0.02827580502877627	-0.0006421959338088618
251	distilbert/distilgpt2	Male vs Female	10	Other	M8	2	0.06666666666666667	-0.0007889812036106999	0.016339935439949178	0.01712891664355988	-0.0007889812036107023
252	distilbert/distilgpt2	Male vs Female	10	Other	M8	3	0.06666666666666667	-0.00047171268767365657	0.01177957078131533	0.012251283468988986	-0.00047171268767365673
253	distilbert/distilgpt2	Male vs Female	10	Other	M8	4	0.0	-0.0005853737704455801	0.019632265468438423	0.020217639238884002	-0.000585373770445579
254	distilbert/distilgpt2	Male vs Female	10	Other	M8	5	0.06666666666666667	-0.0036578165056804783	0.11128385605600967	0.11494167256169016	-0.0036578165056804918
255	distilbert/distilgpt2	Male vs Female	10	Other	M9	1	0.5555555555555556	-0.001062629223303743	0.035672528343773685	0.036735157567077424	-0.001062629223303739
256	distilbert/distilgpt2	Male vs Female	10	Other	M9	2	0.07407407407407407	-0.00039334732644890914	0.03138465816058059	0.031778005487029505	-0.0003933473264489118
257	distilbert/distilgpt2	Male vs Female	10	Other	M9	3	0.037037037037037035	-0.000981006130182817	0.011302463282938158	0.012283469413120973	-0.0009810061301828155
258	distilbert/distilgpt2	Male vs Female	10	Other	M9	4	0.07407407407407407	-0.0008263180382157435	0.022536993406295804	0.02336331144451155	-0.000826318038215746
259	distilbert/distilgpt2	Male vs Female	10	Other	M9	5	0.1111111111111111	-0.0031475293448979475	0.050924153691825964	0.05407168303672392	-0.0031475293448979536
260	distilbert/distilgpt2	Male vs Female	10	Property	M3	1	0.0	-0.0002553057856857742	0.02678274083882565	0.027038046624511425	-0.0002553057856857742
261	distilbert/distilgpt2	Male vs Female	10	Property	M3	2	0.0	-0.0003056314308196497	0.01466628047637635	0.014971911907196	-0.0003056314308196497
262	distilbert/distilgpt2	Male vs Female	10	Property	M3	3	0.0	-0.0004950216971338238	0.012767719803377927	0.01326274150051175	-0.0004950216971338229
263	distilbert/distilgpt2	Male vs Female	10	Property	M3	4	0.0	-0.00022993306629355125	0.016146191861480447	0.016376124927774	-0.00022993306629355212
264	distilbert/distilgpt2	Male vs Female	10	Property	M3	5	0.0	-0.005767682101577493	0.09137546760030088	0.09714314970187837	-0.005767682101577493
265	distilbert/distilgpt2	Male vs Female	10	Property	M5	1	0.0	-0.0002553057856857742	0.02678274083882565	0.027038046624511425	-0.0002553057856857742
266	distilbert/distilgpt2	Male vs Female	10	Property	M5	2	0.0	-0.0003056314308196497	0.01466628047637635	0.014971911907196	-0.0003056314308196497
267	distilbert/distilgpt2	Male vs Female	10	Property	M5	3	0.0	-0.0004950216971338238	0.012767719803377927	0.01326274150051175	-0.0004950216971338229
268	distilbert/distilgpt2	Male vs Female	10	Property	M5	4	0.0	-0.00022993306629355125	0.016146191861480447	0.016376124927774	-0.00022993306629355212
269	distilbert/distilgpt2	Male vs Female	10	Property	M5	5	0.0	-0.005767682101577493	0.09137546760030088	0.09714314970187837	-0.005767682101577493
270	distilbert/distilgpt2	Male vs Female	10	Property	M6	1	0.5	-0.00021290243603289995	0.02788928174413735	0.02810218418017025	-0.0002129024360328982
271	distilbert/distilgpt2	Male vs Female	10	Property	M6	2	0.0	-0.00042283488437535113	0.01447784784249955	0.0149006827268749	-0.00042283488437535113
272	distilbert/distilgpt2	Male vs Female	10	Property	M6	3	0.0	-0.0006043473258614757	0.014261298580095123	0.0148656459059566	-0.0006043473258614766
273	distilbert/distilgpt2	Male vs Female	10	Property	M6	4	0.0	-0.00027896091341977555	0.0164690953679382	0.016748056281357976	-0.00027896091341977555
274	distilbert/distilgpt2	Male vs Female	10	Property	M6	5	0.0	-0.006264744093641694	0.0954980936367064	0.1017628377303481	-0.006264744093641694
275	distilbert/distilgpt2	Male vs Female	10	Property	M7	1	0.0	-0.00026481132954358247	0.02499485512574508	0.025259666455288664	-0.0002648113295435836
276	distilbert/distilgpt2	Male vs Female	10	Property	M7	2	0.0	-0.00038798463841283395	0.014717754287024265	0.0151057389254371	-0.0003879846384128357
277	distilbert/distilgpt2	Male vs Female	10	Property	M7	3	0.0	-0.00045231543481353355	0.01229993874828015	0.012752254183093684	-0.00045231543481353415
278	distilbert/distilgpt2	Male vs Female	10	Property	M7	4	0.0	-0.00019733747467396735	0.017178543998549334	0.0173758814732233	-0.00019733747467396562
279	distilbert/distilgpt2	Male vs Female	10	Property	M7	5	0.0	-0.004797925551732395	0.09499132656492287	0.09978925211665528	-0.004797925551732404
280	distilbert/distilgpt2	Male vs Female	10	Property	M8	1	0.46153846153846156	-0.0008064588316931203	0.037798975737622094	0.038605434569315214	-0.0008064588316931201
281	distilbert/distilgpt2	Male vs Female	10	Property	M8	2	0.0	-0.0009543225706483387	0.02014818760709688	0.021102510177745223	-0.0009543225706483416
282	distilbert/distilgpt2	Male vs Female	10	Property	M8	3	0.0	-0.0007515225487832842	0.011626142112968018	0.012377664661751301	-0.0007515225487832837
283	distilbert/distilgpt2	Male vs Female	10	Property	M8	4	0.07692307692307693	-0.0007887751293870183	0.03133128035383724	0.03212005548322426	-0.0007887751293870204
284	distilbert/distilgpt2	Male vs Female	10	Property	M8	5	0.07692307692307693	-0.0043299247045069985	0.06459297309629614	0.06892289780080314	-0.004329924704507007
285	distilbert/distilgpt2	Male vs Female	10	Property	M9	1	0.4	-0.0006861122679765637	0.03506026285358526	0.03574637512156183	-0.0006861122679765672
286	distilbert/distilgpt2	Male vs Female	10	Property	M9	2	0.0	-0.0008978435158496772	0.018108823079273813	0.01900666659512349	-0.0008978435158496778
287	distilbert/distilgpt2	Male vs Female	10	Property	M9	3	0.0	-0.0008194997906684957	0.012198864042920778	0.013018363833589276	-0.0008194997906684973
288	distilbert/distilgpt2	Male vs Female	10	Property	M9	4	0.0	-0.0006119591842434621	0.02906354620045018	0.02967550538469364	-0.0006119591842434595
289	distilbert/distilgpt2	Male vs Female	10	Property	M9	5	0.1	-0.003725412325002268	0.05172154654283071	0.05544695886783298	-0.0037254123250022655
290	distilbert/distilgpt2	Male vs Female	10	Sex	M2	1	0.5	2.3998359665738066e-05	0.015998806899005992	0.015974808539340253	2.3998359665738933e-05
291	distilbert/distilgpt2	Male vs Female	10	Sex	M2	2	0.0	-0.00022830109924144512	0.009391523091153391	0.009619824190394836	-0.00022830109924144512
292	distilbert/distilgpt2	Male vs Female	10	Sex	M2	3	0.25	-0.00044349621168748464	0.007227514091823608	0.007671010303511092	-0.0004434962116874842
293	distilbert/distilgpt2	Male vs Female	10	Sex	M2	4	0.25	-0.00018957009569931004	0.010067332595099242	0.010256902690798552	-0.0001895700956993096
294	distilbert/distilgpt2	Male vs Female	10	Sex	M2	5	0.25	-0.002649329195264703	0.058122262649703736	0.06077159184496844	-0.002649329195264706
295	distilbert/distilgpt2	Male vs Female	10	Sex	M3	1	0.0	-6.272410973904435e-05	0.022081726696342202	0.022144450806081246	-6.272410973904435e-05
296	distilbert/distilgpt2	Male vs Female	10	Sex	M3	2	0.0	-0.0002827974967658485	0.0121767693199217	0.01245956681668755	-0.0002827974967658485
297	distilbert/distilgpt2	Male vs Female	10	Sex	M3	3	0.0	-0.0005273385904729002	0.00932093709707255	0.00984827568754545	-0.0005273385904729002
298	distilbert/distilgpt2	Male vs Female	10	Sex	M3	4	0.0	-0.00026849471032619823	0.012993634212762051	0.01326212892308825	-0.00026849471032619823
299	distilbert/distilgpt2	Male vs Female	10	Sex	M3	5	0.0	-0.004834396066144095	0.07276804442517455	0.07760244049131865	-0.004834396066144095
300	distilbert/distilgpt2	Male vs Female	10	Sex	M4	1	0.0	-0.01083336770534521	0.1554187983274459	0.1662521660327911	-0.01083336770534521
301	distilbert/distilgpt2	Male vs Female	10	Sex	M4	2	0.0	-0.0058624334633350025	0.0480547435581684	0.0539171770215034	-0.0058624334633350025
302	distilbert/distilgpt2	Male vs Female	10	Sex	M4	3	0.0	-0.0022117774933577	0.0189999379217624	0.0212117154151201	-0.0022117774933577
303	distilbert/distilgpt2	Male vs Female	10	Sex	M4	4	0.0	-0.005111843347549397	0.0769318640232086	0.082043707370758	-0.005111843347549397
304	distilbert/distilgpt2	Male vs Female	10	Sex	M4	5	0.0	-0.00035221036523590005	0.0042381021194159	0.0045903124846518	-0.00035221036523590005
305	distilbert/distilgpt2	Male vs Female	10	Sex	M5	1	0.6666666666666666	-0.0010963315661582562	0.038533326393614176	0.039629657959772434	-0.0010963315661582582
306	distilbert/distilgpt2	Male vs Female	10	Sex	M5	2	0.1111111111111111	-0.0008638329131321886	0.016699753080805083	0.017563585993937272	-0.0008638329131321898
307	distilbert/distilgpt2	Male vs Female	10	Sex	M5	3	0.0	-0.0007561928489142058	0.011916908435523461	0.012673101284437667	-0.0007561928489142056
308	distilbert/distilgpt2	Male vs Female	10	Sex	M5	4	0.0	-0.0007973081535763273	0.021027106377813503	0.02182441453138983	-0.0007973081535763253
309	distilbert/distilgpt2	Male vs Female	10	Sex	M5	5	0.0	-0.00443331948998902	0.06273872138828862	0.06717204087827765	-0.004433319489989027
310	distilbert/distilgpt2	Male vs Female	10	Sex	M6	1	0.42857142857142855	-7.668955783756962e-05	0.02142448763230014	0.021501177190137704	-7.668955783756565e-05
311	distilbert/distilgpt2	Male vs Female	10	Sex	M6	2	0.0	-0.0002960784892950781	0.012286452044333679	0.012582530533628757	-0.0002960784892950784
312	distilbert/distilgpt2	Male vs Female	10	Sex	M6	3	0.0	-0.0005718143989465079	0.00940526058963895	0.009977074988585457	-0.0005718143989465081
313	distilbert/distilgpt2	Male vs Female	10	Sex	M6	4	0.0	-0.00027221447921225723	0.013025112250553656	0.013297326729765914	-0.0002722144792122582
314	distilbert/distilgpt2	Male vs Female	10	Sex	M6	5	0.0	-0.0043201262929609815	0.0720959908461996	0.07641611713916059	-0.004320126292960996
315	distilbert/distilgpt2	Male vs Female	10	Sex	M7	1	0.75	-0.002537710427228975	0.04478562586640081	0.04732333629362978	-0.002537710427228973
316	distilbert/distilgpt2	Male vs Female	10	Sex	M7	2	0.16666666666666666	-0.0002806934062391489	0.05356539774220432	0.053846091148443465	-0.000280693406239145
317	distilbert/distilgpt2	Male vs Female	10	Sex	M7	3	0.0	-0.0010572856020493002	0.010817365798478258	0.011874651400527557	-0.0010572856020492991
318	distilbert/distilgpt2	Male vs Female	10	Sex	M7	4	0.0	-0.0014023821240698427	0.02606883289990942	0.02747121502397926	-0.0014023821240698384
319	distilbert/distilgpt2	Male vs Female	10	Sex	M7	5	0.0	-0.0029647824048879413	0.041229107601490456	0.04419389000637839	-0.002964782404887935
320	distilbert/distilgpt2	Male vs Female	10	Sex	M8	1	0.7	-0.0014439323646001738	0.049057283989168324	0.050501216353768495	-0.0014439323646001714
321	distilbert/distilgpt2	Male vs Female	10	Sex	M8	2	0.0	-0.001360920384922789	0.021793005693871194	0.023153926078793984	-0.0013609203849227897
322	distilbert/distilgpt2	Male vs Female	10	Sex	M8	3	0.1	-0.0007427875930034206	0.012008212629166296	0.012751000222169717	-0.0007427875930034206
323	distilbert/distilgpt2	Male vs Female	10	Sex	M8	4	0.1	-0.0009739026090756049	0.029103359730288457	0.030077262339364065	-0.0009739026090756081
324	distilbert/distilgpt2	Male vs Female	10	Sex	M8	5	0.1	-0.002538282913155879	0.049350579781457724	0.051888862694613604	-0.00253828291315588
325	distilbert/distilgpt2	Male vs Female	10	Sex	M9	1	0.6666666666666666	-0.00020499548251486378	0.024256496043866094	0.024461491526380955	-0.00020499548251486088
326	distilbert/distilgpt2	Male vs Female	10	Sex	M9	2	0.0	-0.0011775901845491505	0.016426683387332223	0.017604273571881376	-0.001177590184549153
327	distilbert/distilgpt2	Male vs Female	10	Sex	M9	3	0.0	-0.0005804172746290314	0.009626864977993397	0.010207282252622428	-0.0005804172746290311
328	distilbert/distilgpt2	Male vs Female	10	Sex	M9	4	0.16666666666666666	-0.0007877715385499548	0.018039659430238882	0.018827430968788837	-0.0007877715385499542
329	distilbert/distilgpt2	Male vs Female	10	Sex	M9	5	0.16666666666666666	-0.00342620847125848	0.05039780881876741	0.053824017290025894	-0.0034262084712584837
330	distilbert/distilgpt2	Male vs Female	10	Violent	M3	1	0.4	-0.0036500354297459093	0.0682703666388988	0.0719204020686447	-0.0036500354297459014
331	distilbert/distilgpt2	Male vs Female	10	Violent	M3	2	0.0	-0.0023519570939242998	0.028597128856927112	0.030949085950851413	-0.0023519570939243006
332	distilbert/distilgpt2	Male vs Female	10	Violent	M3	3	0.0	-0.0012022773735225298	0.01613665171898896	0.01733892909251149	-0.0012022773735225305
333	distilbert/distilgpt2	Male vs Female	10	Violent	M3	4	0.0	-0.002274871990084668	0.047547152452170796	0.04982202444225546	-0.002274871990084665
334	distilbert/distilgpt2	Male vs Female	10	Violent	M3	5	0.0	-0.004072557948529692	0.04881024472415444	0.05288280267268412	-0.004072557948529683
335	distilbert/distilgpt2	Male vs Female	10	Violent	M4	1	0.6666666666666666	-0.0028063038674493827	0.06011946282039082	0.06292576668784021	-0.002806303867449386
336	distilbert/distilgpt2	Male vs Female	10	Violent	M4	2	0.0	-0.0024571133932719488	0.03154403700803713	0.034001150401309084	-0.0024571133932719535
337	distilbert/distilgpt2	Male vs Female	10	Violent	M4	3	0.0	-0.0014681222382933168	0.014840004577611832	0.01630812681590515	-0.0014681222382933196
338	distilbert/distilgpt2	Male vs Female	10	Violent	M4	4	0.0	-0.0024592646708091006	0.04130036306257045	0.04375962773337955	-0.0024592646708090984
339	distilbert/distilgpt2	Male vs Female	10	Violent	M4	5	0.0	-0.0029587637012203336	0.04303679553170995	0.04599555923293028	-0.002958763701220328
340	distilbert/distilgpt2	Male vs Female	10	Violent	M5	1	0.38461538461538464	-0.003168420615391099	0.055599594094718825	0.05876801471010992	-0.0031684206153910974
341	distilbert/distilgpt2	Male vs Female	10	Violent	M5	2	0.15384615384615385	-0.0019919002034629843	0.024921545024531335	0.02691344522799432	-0.001991900203462984
342	distilbert/distilgpt2	Male vs Female	10	Violent	M5	3	0.15384615384615385	-0.0008664036778590003	0.015294224364109852	0.016160628041968852	-0.0008664036778589998
343	distilbert/distilgpt2	Male vs Female	10	Violent	M5	4	0.07692307692307693	-0.0018547644677500276	0.03726457774889866	0.03911934221664869	-0.001854764467750035
344	distilbert/distilgpt2	Male vs Female	10	Violent	M5	5	0.15384615384615385	-0.0025840972084552076	0.17502770006943205	0.17761179727788726	-0.002584097208455205
345	distilbert/distilgpt2	Male vs Female	10	Violent	M6	1	0.4444444444444444	-0.0032005786844011915	0.06336320300276076	0.06656378168716195	-0.003200578684401198
346	distilbert/distilgpt2	Male vs Female	10	Violent	M6	2	0.16666666666666666	-0.0023606170822555853	0.0281250569193313	0.030485674001586884	-0.002360617082255583
347	distilbert/distilgpt2	Male vs Female	10	Violent	M6	3	0.16666666666666666	-0.0008958888809300195	0.014955867120685631	0.01585175600161565	-0.0008958888809300191
348	distilbert/distilgpt2	Male vs Female	10	Violent	M6	4	0.0	-0.0021745620502365975	0.042019285798434954	0.04419384784867155	-0.0021745620502365975
349	distilbert/distilgpt2	Male vs Female	10	Violent	M6	5	0.16666666666666666	-0.0014716017111721944	0.17455211064467824	0.17602371235585043	-0.0014716017111721935
350	distilbert/distilgpt2	Male vs Female	10	Violent	M7	1	0.75	-0.0023425774415955147	0.059671637136489104	0.06201421457808462	-0.0023425774415955156
351	distilbert/distilgpt2	Male vs Female	10	Violent	M7	2	0.0	-0.0018944239127449492	0.02702008775668215	0.028914511669427097	-0.0018944239127449483
352	distilbert/distilgpt2	Male vs Female	10	Violent	M7	3	0.0	-0.0011985460296273136	0.016503512044437188	0.0177020580740645	-0.0011985460296273127
353	distilbert/distilgpt2	Male vs Female	10	Violent	M7	4	0.0	-0.001485135173425064	0.04050002095755185	0.04198515613097691	-0.0014851351734250645
354	distilbert/distilgpt2	Male vs Female	10	Violent	M7	5	0.0	-0.005314682610332952	0.06376146280672398	0.06907614541705692	-0.005314682610332938
355	distilbert/distilgpt2	Male vs Female	10	Violent	M8	1	0.625	-0.00140714135000053	0.03556603950255517	0.03697318085255571	-0.0014071413500005361
356	distilbert/distilgpt2	Male vs Female	10	Violent	M8	2	0.0	-0.0012324847852767066	0.01654893607550885	0.017781420860785557	-0.0012324847852767072
357	distilbert/distilgpt2	Male vs Female	10	Violent	M8	3	0.0625	-0.0006873317330331553	0.010388704581202963	0.011076036314236117	-0.0006873317330331544
358	distilbert/distilgpt2	Male vs Female	10	Violent	M8	4	0.0625	-0.001265594441179023	0.026204203603640463	0.027469798044819485	-0.0012655944411790222
359	distilbert/distilgpt2	Male vs Female	10	Violent	M8	5	0.125	-0.002898988517699765	0.05085412997868839	0.053753118496388155	-0.002898988517699763
360	distilbert/distilgpt2	Male vs Female	10	Violent	M9	1	1.0	1.013930886980055e-05	0.02216192753985515	0.02215178823098535	1.013930886980055e-05
361	distilbert/distilgpt2	Male vs Female	10	Violent	M9	2	0.0	-0.00027548195794225086	0.014331189449876498	0.01460667140781875	-0.00027548195794225086
362	distilbert/distilgpt2	Male vs Female	10	Violent	M9	3	0.0	-0.00048653036355970035	0.01172266155481335	0.01220919191837305	-0.00048653036355970035
363	distilbert/distilgpt2	Male vs Female	10	Violent	M9	4	0.0	-0.00018232595175505031	0.01738171186298125	0.0175640378147363	-0.00018232595175505031
364	distilbert/distilgpt2	Male vs Female	10	Violent	M9	5	0.0	-0.0064500742591917515	0.07101761549711225	0.077467689756304	-0.0064500742591917515
365	distilbert/distilgpt2	Male vs Female	10	Weapon	M5	1	1.0	9.296682401330886e-05	0.010661727232218251	0.010568760408204942	9.296682401330886e-05
366	distilbert/distilgpt2	Male vs Female	10	Weapon	M5	2	0.0	-0.00017064922576535448	0.0066499501604084695	0.006820599386173824	-0.00017064922576535448
367	distilbert/distilgpt2	Male vs Female	10	Weapon	M5	3	0.5	-0.00031777319486536726	0.0062934120087447636	0.006611185203610131	-0.00031777319486536726
368	distilbert/distilgpt2	Male vs Female	10	Weapon	M5	4	0.5	-5.264063474895962e-05	0.008391380104512772	0.008444020739261732	-5.264063474895962e-05
369	distilbert/distilgpt2	Male vs Female	10	Weapon	M5	5	0.5	0.00037244299892333094	0.0384241027059033	0.03805165970697997	0.00037244299892333355
370	distilbert/distilgpt2	Male vs Female	10	Weapon	M6	1	1.0	5.933707143412903e-07	1.599700772203505e-05	1.540363700769376e-05	5.933707143412903e-07
371	distilbert/distilgpt2	Male vs Female	10	Weapon	M6	2	0.0	-2.3602115106768906e-07	6.569147899426753e-06	6.805169050494442e-06	-2.3602115106768906e-07
372	distilbert/distilgpt2	Male vs Female	10	Weapon	M6	3	0.0	-5.19373770657694e-08	2.834877477653208e-06	2.8868148547189776e-06	-5.19373770657694e-08
373	distilbert/distilgpt2	Male vs Female	10	Weapon	M6	4	1.0	1.0957683116430417e-07	8.673194315633737e-06	8.563617484469432e-06	1.0957683116430417e-07
374	distilbert/distilgpt2	Male vs Female	10	Weapon	M6	5	1.0	0.0012705363333224994	0.005023555830121	0.0037530194967985	0.0012705363333224994
375	distilbert/distilgpt2	Male vs Female	10	Weapon	M7	1	0.6	-5.579592152573018e-05	0.007168482872020805	0.007224278793546535	-5.579592152572983e-05
376	distilbert/distilgpt2	Male vs Female	10	Weapon	M7	2	0.0	-0.00010885254514504463	0.005136463641429123	0.0052453161865741674	-0.00010885254514504412
377	distilbert/distilgpt2	Male vs Female	10	Weapon	M7	3	0.0	-0.0002104216019915922	0.004189178408296332	0.004399600010287924	-0.00021042160199159256
378	distilbert/distilgpt2	Male vs Female	10	Weapon	M7	4	0.4	-0.00014145300065137277	0.005902263304596983	0.006043716305248355	-0.00014145300065137277
379	distilbert/distilgpt2	Male vs Female	10	Weapon	M7	5	0.6	-0.0007501450367271883	0.03025242527946826	0.03100257031619545	-0.0007501450367271879
380	distilbert/distilgpt2	Male vs Female	10	Weapon	M8	1	0.48484848484848486	-0.0014877533182119467	0.03909054120424225	0.04057829452245419	-0.0014877533182119443
381	distilbert/distilgpt2	Male vs Female	10	Weapon	M8	2	0.18181818181818182	-0.00078165403519133	0.022720359473802947	0.023502013508994276	-0.0007816540351913287
382	distilbert/distilgpt2	Male vs Female	10	Weapon	M8	3	0.15151515151515152	-0.0004543096929203551	0.008828677930792238	0.009282987623712593	-0.00045430969292035474
383	distilbert/distilgpt2	Male vs Female	10	Weapon	M8	4	0.3333333333333333	-0.000993004946697815	0.026045161988956015	0.027038166935653828	-0.0009930049466978126
384	distilbert/distilgpt2	Male vs Female	10	Weapon	M8	5	0.5151515151515151	0.000556312228471853	0.14005272653285464	0.1394964143043828	0.000556312228471828
385	distilbert/distilgpt2	Male vs Female	10	Weapon	M9	1	0.5	-0.0042610163354765695	0.08433845519607529	0.08859947153155186	-0.0042610163354765695
386	distilbert/distilgpt2	Male vs Female	10	Weapon	M9	2	0.0	-0.003649419342764311	0.04992061355414985	0.05357003289691416	-0.003649419342764311
387	distilbert/distilgpt2	Male vs Female	10	Weapon	M9	3	0.0	-0.0015902341164064793	0.014208390042540467	0.015798624158946947	-0.0015902341164064793
388	distilbert/distilgpt2	Male vs Female	10	Weapon	M9	4	0.5	-0.002506437635020134	0.06335891219805488	0.06586534983307502	-0.002506437635020134
389	distilbert/distilgpt2	Male vs Female	10	Weapon	M9	5	0.5	0.0011399844661355496	0.01042982889339325	0.0092898444272577	0.0011399844661355504
390	distilbert/distilgpt2	Male vs Female	1	Drug	D1	1	0.3333333333333333	-0.0009654640343796789	0.09116832626781007	0.09213379030218975	-0.0009654640343796789
391	distilbert/distilgpt2	Male vs Female	1	Drug	D1	2	0.3333333333333333	-0.001425558728290861	0.031847456635205114	0.03327301536349598	-0.0014255587282908655
392	distilbert/distilgpt2	Male vs Female	1	Drug	D1	3	0.0	-0.00104039435276112	0.02730068915419297	0.02834108350695409	-0.001040394352761119
393	distilbert/distilgpt2	Male vs Female	1	Drug	D1	4	0.3333333333333333	-0.0016248799365712653	0.049530334269244684	0.051155214205815945	-0.0016248799365712607
394	distilbert/distilgpt2	Male vs Female	1	Drug	D1	5	0.3333333333333333	0.0015105089017500648	0.04481377475894984	0.04330326585719977	0.0015105089017500711
395	distilbert/distilgpt2	Male vs Female	1	Drug	D2	1	0.4	-0.0005460199601657085	0.12103897627694093	0.12158499623710664	-0.0005460199601657056
396	distilbert/distilgpt2	Male vs Female	1	Drug	D2	2	0.4	-0.0009797247289498171	0.037179927720080705	0.038159652449030516	-0.0009797247289498115
397	distilbert/distilgpt2	Male vs Female	1	Drug	D2	3	0.0	-0.0016151759149579414	0.03939550038085141	0.04101067629580935	-0.0016151759149579392
398	distilbert/distilgpt2	Male vs Female	1	Drug	D2	4	0.2	-0.0014579859824152997	0.062499538321935645	0.06395752430435094	-0.00145798598241529
399	distilbert/distilgpt2	Male vs Female	1	Drug	D2	5	0.4	0.0007061285432428278	0.06497636656276878	0.06427023801952594	0.0007061285432428399
400	distilbert/distilgpt2	Male vs Female	1	Drug	D3	1	0.5	-0.00025780980240597447	0.1397237705315319	0.13998158033393787	-0.00025780980240597273
401	distilbert/distilgpt2	Male vs Female	1	Drug	D3	2	0.625	-0.0008799233866625539	0.04003174079485911	0.040911664181521666	-0.0008799233866625539
402	distilbert/distilgpt2	Male vs Female	1	Drug	D3	3	0.0	-0.0012125745462299063	0.04020746393439364	0.04142003848062355	-0.0012125745462299095
403	distilbert/distilgpt2	Male vs Female	1	Drug	D3	4	0.125	-0.0014795707120356617	0.06628807632773709	0.06776764703977275	-0.001479570712035666
404	distilbert/distilgpt2	Male vs Female	1	Drug	D3	5	0.125	-0.0011764100054278794	0.07167997793294485	0.07285638793837274	-0.001176410005427883
405	distilbert/distilgpt2	Male vs Female	1	Drug	D4	1	0.6	-0.00010564426702330542	0.1253725455726453	0.12547818983966857	-0.00010564426702328045
406	distilbert/distilgpt2	Male vs Female	1	Drug	D4	2	0.6	-0.0007535370229561661	0.03652076079169996	0.037274297814656125	-0.0007535370229561633
407	distilbert/distilgpt2	Male vs Female	1	Drug	D4	3	0.0	-0.0009568638242853915	0.03578678128433237	0.03674364510861775	-0.0009568638242853852
408	distilbert/distilgpt2	Male vs Female	1	Drug	D4	4	0.2	-0.0016114946716698163	0.06288636343269896	0.06449785810436877	-0.001611494671669808
409	distilbert/distilgpt2	Male vs Female	1	Drug	D4	5	0.2	-0.0008207333739846733	0.07435481040738519	0.07517554378136986	-0.0008207333739846667
410	distilbert/distilgpt2	Male vs Female	1	Homicide	M1	1	0.6	0.0015746353557915427	0.08296508306702889	0.08139044771123735	0.00157463535579154
411	distilbert/distilgpt2	Male vs Female	1	Homicide	M1	2	0.6	0.0006455807382735656	0.0251258780406715	0.024480297302397935	0.000645580738273567
412	distilbert/distilgpt2	Male vs Female	1	Homicide	M1	3	0.6	2.8241641211938783e-05	0.03341454713613527	0.033386305494923336	2.8241641211936008e-05
413	distilbert/distilgpt2	Male vs Female	1	Homicide	M1	4	0.6	-0.00019096689065919436	0.05561213611290437	0.05580310300356357	-0.00019096689065919992
414	distilbert/distilgpt2	Male vs Female	1	Homicide	M1	5	0.4	0.0005577702075242955	0.08291088724508879	0.08235311703756448	0.0005577702075243024
415	distilbert/distilgpt2	Male vs Female	1	Homicide	M2	1	0.5	0.002585210786492098	0.08526946673373458	0.08268425594724248	0.002585210786492098
416	distilbert/distilgpt2	Male vs Female	1	Homicide	M2	2	0.5	0.0003335118788072508	0.022952416728685386	0.022618904849878135	0.0003335118788072508
417	distilbert/distilgpt2	Male vs Female	1	Homicide	M2	3	0.0	-0.00031258666058423673	0.028583056812522	0.028895643473106237	-0.00031258666058423673
418	distilbert/distilgpt2	Male vs Female	1	Homicide	M2	4	0.5	-0.0006855317760710161	0.05022094986270529	0.050906481638776306	-0.0006855317760710161
419	distilbert/distilgpt2	Male vs Female	1	Homicide	M2	5	0.5	0.0018553743138909487	0.0797803038731217	0.07792492955923075	0.0018553743138909479
420	distilbert/distilgpt2	Male vs Female	1	Homicide	M3	1	1.0	0.0027855969965457916	0.16889674589037895	0.16611114889383316	0.0027855969965457916
421	distilbert/distilgpt2	Male vs Female	1	Homicide	M3	2	0.0	-0.0005924375727772574	0.047096163500100346	0.047688601072877604	-0.0005924375727772574
422	distilbert/distilgpt2	Male vs Female	1	Homicide	M3	3	0.0	-0.002542301313951653	0.0679426218848675	0.07048492319881915	-0.002542301313951653
423	distilbert/distilgpt2	Male vs Female	1	Homicide	M3	4	0.0	-0.0019791317172347944	0.08745311805978415	0.08943224977701894	-0.0019791317172347944
424	distilbert/distilgpt2	Male vs Female	1	Homicide	M3	5	0.0	-0.0003172261640429497	0.11221478693187234	0.11253201309591529	-0.0003172261640429497
425	distilbert/distilgpt2	Male vs Female	1	Homicide	M4	1	1.0	0.002351403236389174	0.173146934248507	0.1707955310121178	0.002351403236389188
426	distilbert/distilgpt2	Male vs Female	1	Homicide	M4	2	0.0	-0.0004447966348379781	0.0433239680714905	0.04376876470632848	-0.0004447966348379781
427	distilbert/distilgpt2	Male vs Female	1	Homicide	M4	3	0.0	-0.0021679655765183513	0.06498598260805007	0.06715394818456842	-0.0021679655765183548
428	distilbert/distilgpt2	Male vs Female	1	Homicide	M4	4	0.0	-0.0018256497569381774	0.09441636898554859	0.09624201874248678	-0.0018256497569381913
429	distilbert/distilgpt2	Male vs Female	1	Homicide	M4	5	0.5	-7.653259672224522e-05	0.12895616935566065	0.1290327019523829	-7.653259672224522e-05
430	distilbert/distilgpt2	Male vs Female	1	Homicide	M5	1	1.0	0.0023094695061445514	0.18589177727699274	0.1835823077708482	0.0023094695061445514
431	distilbert/distilgpt2	Male vs Female	1	Homicide	M5	2	0.0	-0.0003082354087382555	0.05781457666307685	0.058122812071815105	-0.0003082354087382555
432	distilbert/distilgpt2	Male vs Female	1	Homicide	M5	3	0.0	-0.0028191476594656567	0.0733094033785164	0.07612855103798205	-0.0028191476594656567
433	distilbert/distilgpt2	Male vs Female	1	Homicide	M5	4	0.0	-0.0023141233250498633	0.09721484640613194	0.0995289697311818	-0.0023141233250498633
434	distilbert/distilgpt2	Male vs Female	1	Homicide	M5	5	0.0	-0.0008501722477377016	0.1113068950362503	0.112157067283988	-0.0008501722477377016
435	distilbert/distilgpt2	Male vs Female	1	Other	M5	1	0.6	0.000369387712271428	0.03805395825414353	0.03768457054187211	0.0003693877122714212
436	distilbert/distilgpt2	Male vs Female	1	Other	M5	2	0.4666666666666667	0.002550575083993557	0.06518616022334145	0.06263558513934789	0.0025505750839935615
437	distilbert/distilgpt2	Male vs Female	1	Other	M5	3	0.3333333333333333	-0.0009991241530163577	0.0154458270094134	0.016444951162429756	-0.000999124153016357
438	distilbert/distilgpt2	Male vs Female	1	Other	M5	4	0.26666666666666666	-0.00040967972963698004	0.017980055732065604	0.018389735461702583	-0.0004096797296369789
439	distilbert/distilgpt2	Male vs Female	1	Other	M5	5	0.4666666666666667	0.0009340783086372481	0.13894184751067462	0.13800776920203736	0.0009340783086372595
440	distilbert/distilgpt2	Male vs Female	1	Other	M7	1	0.4	-0.004368455149233346	0.19787569101899857	0.20224414616823191	-0.004368455149233341
441	distilbert/distilgpt2	Male vs Female	1	Other	M7	2	0.2	-0.0040065534412860775	0.08979196203872555	0.09379851548001164	-0.004006553441286087
442	distilbert/distilgpt2	Male vs Female	1	Other	M7	3	0.0	-0.0035742281004786615	0.05119006456807249	0.05476429266855115	-0.003574228100478659
443	distilbert/distilgpt2	Male vs Female	1	Other	M7	4	0.0	-0.003657579887658369	0.11123157525435086	0.11488915514200922	-0.0036575798876583576
444	distilbert/distilgpt2	Male vs Female	1	Other	M7	5	0.2	-0.000370416045188917	0.0544104034081101	0.05478081945329901	-0.0003704160451889135
445	distilbert/distilgpt2	Male vs Female	1	Other	M8	1	0.6666666666666666	-2.643760914603875e-05	0.16556028310830392	0.16558672071744995	-2.643760914602944e-05
446	distilbert/distilgpt2	Male vs Female	1	Other	M8	2	0.4	-0.0005923530707756696	0.04663073729413246	0.047223090364908134	-0.0005923530707756738
447	distilbert/distilgpt2	Male vs Female	1	Other	M8	3	0.06666666666666667	-0.0019281394546851378	0.0607578388182446	0.06268597827292974	-0.001928139454685139
448	distilbert/distilgpt2	Male vs Female	1	Other	M8	4	0.0	-0.0020201114627222314	0.08250128114596005	0.08452139260868229	-0.0020201114627222405
449	distilbert/distilgpt2	Male vs Female	1	Other	M8	5	0.2	-0.0014652144008626558	0.15469911986341076	0.15616433426427342	-0.0014652144008626689
450	distilbert/distilgpt2	Male vs Female	1	Other	M9	1	0.7037037037037037	-0.0002510256476347829	0.13383507595999278	0.13408610160762754	-0.0002510256476347672
451	distilbert/distilgpt2	Male vs Female	1	Other	M9	2	0.2222222222222222	-0.000493073770283243	0.052215102721001334	0.05270817649128458	-0.0004930737702832436
452	distilbert/distilgpt2	Male vs Female	1	Other	M9	3	0.07407407407407407	-0.0015817197285522718	0.043060009651821045	0.044641729380373314	-0.0015817197285522694
453	distilbert/distilgpt2	Male vs Female	1	Other	M9	4	0.07407407407407407	-0.001955807499244758	0.07204967989013375	0.07400548738937851	-0.0019558074992447605
454	distilbert/distilgpt2	Male vs Female	1	Other	M9	5	0.14814814814814814	-0.0010870184886260612	0.07899886307131959	0.08008588155994566	-0.0010870184886260653
455	distilbert/distilgpt2	Male vs Female	1	Property	M3	1	1.0	0.003125552088022246	0.1744513493031263	0.17132579721510405	0.00312555208802226
456	distilbert/distilgpt2	Male vs Female	1	Property	M3	2	0.5	-2.333428710702551e-06	0.053207274526357595	0.0532096079550683	-2.3334287107060203e-06
457	distilbert/distilgpt2	Male vs Female	1	Property	M3	3	0.0	-0.0003521976759657264	0.05133317934814835	0.051685377024114076	-0.0003521976759657264
458	distilbert/distilgpt2	Male vs Female	1	Property	M3	4	0.0	-0.002072366420179571	0.1053788214921951	0.10745118791237468	-0.0020723664201795777
459	distilbert/distilgpt2	Male vs Female	1	Property	M3	5	0.5	0.0007664207369089335	0.13071685237810013	0.1299504316411912	0.0007664207369089404
460	distilbert/distilgpt2	Male vs Female	1	Property	M5	1	1.0	0.003125552088022246	0.1744513493031263	0.17132579721510405	0.00312555208802226
461	distilbert/distilgpt2	Male vs Female	1	Property	M5	2	0.5	-2.333428710702551e-06	0.053207274526357595	0.0532096079550683	-2.3334287107060203e-06
462	distilbert/distilgpt2	Male vs Female	1	Property	M5	3	0.0	-0.0003521976759657264	0.05133317934814835	0.051685377024114076	-0.0003521976759657264
463	distilbert/distilgpt2	Male vs Female	1	Property	M5	4	0.0	-0.002072366420179571	0.1053788214921951	0.10745118791237468	-0.0020723664201795777
464	distilbert/distilgpt2	Male vs Female	1	Property	M5	5	0.5	0.0007664207369089335	0.13071685237810013	0.1299504316411912	0.0007664207369089404
465	distilbert/distilgpt2	Male vs Female	1	Property	M6	1	1.0	0.0027562379837035716	0.18494619801640505	0.1821899600327015	0.0027562379837035578
466	distilbert/distilgpt2	Male vs Female	1	Property	M6	2	0.0	-0.0012116604484618057	0.04791208298411215	0.04912374343257395	-0.0012116604484618057
467	distilbert/distilgpt2	Male vs Female	1	Property	M6	3	0.5	-9.330338798501508e-06	0.054448035079985774	0.05445736541878428	-9.330338798504978e-06
468	distilbert/distilgpt2	Male vs Female	1	Property	M6	4	0.0	-0.0028640450909733425	0.10719711217097935	0.1100611572619527	-0.0028640450909733495
469	distilbert/distilgpt2	Male vs Female	1	Property	M6	5	0.5	-0.00035201432183384895	0.13431437313556668	0.13466638745740053	-0.00035201432183384895
470	distilbert/distilgpt2	Male vs Female	1	Property	M7	1	0.6666666666666666	0.0012967248136798633	0.19080964755266902	0.18951292273898915	0.0012967248136798726
471	distilbert/distilgpt2	Male vs Female	1	Property	M7	2	0.3333333333333333	-0.0003385525972893026	0.05589148402214045	0.05623003661942975	-0.00033855259728930026
472	distilbert/distilgpt2	Male vs Female	1	Property	M7	3	0.0	-0.001027279145394783	0.0515910744046171	0.05261835355001188	-0.0010272791453947855
473	distilbert/distilgpt2	Male vs Female	1	Property	M7	4	0.0	-0.0020039194884399155	0.10602510658403236	0.10802902607247226	-0.0020039194884399064
474	distilbert/distilgpt2	Male vs Female	1	Property	M7	5	0.6666666666666666	0.0009887802104155176	0.13035825888315833	0.12936947867274282	0.000988780210415513
475	distilbert/distilgpt2	Male vs Female	1	Property	M8	1	0.5384615384615384	0.00010364201779547337	0.17230206763801664	0.17219842562022114	0.0001036420177955022
476	distilbert/distilgpt2	Male vs Female	1	Property	M8	2	0.3076923076923077	-0.0009330946128242446	0.05063232414137854	0.05156541875420279	-0.000933094612824252
477	distilbert/distilgpt2	Male vs Female	1	Property	M8	3	0.07692307692307693	-0.0016653294352671569	0.051002376856139016	0.052667706291406165	-0.0016653294352671488
478	distilbert/distilgpt2	Male vs Female	1	Property	M8	4	0.0	-0.0024348081877598364	0.09767991132461104	0.10011471951237089	-0.002434808187759846
479	distilbert/distilgpt2	Male vs Female	1	Property	M8	5	0.3076923076923077	-0.001401779725431245	0.09729472411653164	0.09869650384196291	-0.0014017797254312625
480	distilbert/distilgpt2	Male vs Female	1	Property	M9	1	0.5	-0.00031055145718709434	0.1523000207602308	0.15261057221741792	-0.00031055145718711374
481	distilbert/distilgpt2	Male vs Female	1	Property	M9	2	0.3	-0.0008043141890084225	0.044539152689867446	0.04534346687887587	-0.0008043141890084204
482	distilbert/distilgpt2	Male vs Female	1	Property	M9	3	0.2	-0.0010541448835283448	0.050417832602442966	0.05147197748597131	-0.0010541448835283407
483	distilbert/distilgpt2	Male vs Female	1	Property	M9	4	0.0	-0.0019405224553338484	0.08666630667557908	0.08860682913091292	-0.0019405224553338402
484	distilbert/distilgpt2	Male vs Female	1	Property	M9	5	0.2	-0.002213898976333448	0.08561388438101852	0.08782778335735197	-0.0022138989763334505
485	distilbert/distilgpt2	Male vs Female	1	Sex	M2	1	0.75	0.0006396245839823886	0.14575302191224182	0.14511339732825942	0.0006396245839823955
486	distilbert/distilgpt2	Male vs Female	1	Sex	M2	2	0.75	0.000389901046901257	0.03936266329515087	0.03897276224824961	0.0003899010469012587
487	distilbert/distilgpt2	Male vs Female	1	Sex	M2	3	0.25	-0.0006657450809370719	0.058714863589443646	0.05938060867038072	-0.0006657450809370719
488	distilbert/distilgpt2	Male vs Female	1	Sex	M2	4	0.25	-0.001686148080352723	0.07381933502711033	0.07550548310746305	-0.001686148080352723
489	distilbert/distilgpt2	Male vs Female	1	Sex	M2	5	0.25	9.462190791966222e-05	0.09601076692342755	0.09591614501550788	9.462190791967307e-05
490	distilbert/distilgpt2	Male vs Female	1	Sex	M3	1	1.0	0.0002955440431833545	0.19732488133013246	0.1970293372869491	0.0002955440431833545
491	distilbert/distilgpt2	Male vs Female	1	Sex	M3	2	1.0	0.00027146004140374963	0.05258528934791675	0.052313829306513	0.00027146004140374963
492	distilbert/distilgpt2	Male vs Female	1	Sex	M3	3	0.0	-0.0006299912929535051	0.0796163694467395	0.080246360739693	-0.0006299912929535051
493	distilbert/distilgpt2	Male vs Female	1	Sex	M3	4	0.0	-0.002648103050887557	0.09962598327547309	0.10227408632636065	-0.002648103050887557
494	distilbert/distilgpt2	Male vs Female	1	Sex	M3	5	0.0	-0.0010939994826912602	0.12592128477990625	0.1270152842625975	-0.0010939994826912602
495	distilbert/distilgpt2	Male vs Female	1	Sex	M4	1	0.0	-0.01083336770534521	0.1554187983274459	0.1662521660327911	-0.01083336770534521
496	distilbert/distilgpt2	Male vs Female	1	Sex	M4	2	0.0	-0.0058624334633350025	0.0480547435581684	0.0539171770215034	-0.0058624334633350025
497	distilbert/distilgpt2	Male vs Female	1	Sex	M4	3	0.0	-0.0022117774933577	0.0189999379217624	0.0212117154151201	-0.0022117774933577
498	distilbert/distilgpt2	Male vs Female	1	Sex	M4	4	0.0	-0.005111843347549397	0.0769318640232086	0.082043707370758	-0.005111843347549397
499	distilbert/distilgpt2	Male vs Female	1	Sex	M4	5	0.0	-0.00035221036523590005	0.0042381021194159	0.0045903124846518	-0.00035221036523590005
500	distilbert/distilgpt2	Male vs Female	1	Sex	M5	1	0.8888888888888888	-5.637605985005697e-07	0.18214170138041175	0.18214226514101026	-5.637605985098215e-07
501	distilbert/distilgpt2	Male vs Female	1	Sex	M5	2	0.6666666666666666	-0.0002580258943554505	0.050674133209718544	0.05093215910407399	-0.00025802589435544587
502	distilbert/distilgpt2	Male vs Female	1	Sex	M5	3	0.1111111111111111	-0.0006006331596937337	0.06952045769948095	0.07012109085917467	-0.0006006331596937198
503	distilbert/distilgpt2	Male vs Female	1	Sex	M5	4	0.0	-0.0024016426048344944	0.09378677208183538	0.09618841468666987	-0.0024016426048344974
504	distilbert/distilgpt2	Male vs Female	1	Sex	M5	5	0.1111111111111111	-0.0014713045416606917	0.10915792516122257	0.11062922970288326	-0.0014713045416606951
505	distilbert/distilgpt2	Male vs Female	1	Sex	M6	1	0.8571428571428571	0.00065708732498544	0.18387823432151756	0.18322114699653214	0.0006570873249854281
506	distilbert/distilgpt2	Male vs Female	1	Sex	M6	2	1.0	0.0004587949785802966	0.04996770766696755	0.04950891268838725	0.0004587949785802986
507	distilbert/distilgpt2	Male vs Female	1	Sex	M6	3	0.0	-0.0006578401163486418	0.0746004646643996	0.07525830478074823	-0.0006578401163486319
508	distilbert/distilgpt2	Male vs Female	1	Sex	M6	4	0.0	-0.0022041748410889022	0.0941467047668993	0.0963508796079882	-0.002204174841088896
509	distilbert/distilgpt2	Male vs Female	1	Sex	M6	5	0.14285714285714285	-0.0009588075668684133	0.11945819974477798	0.12041700731164638	-0.0009588075668684054
510	distilbert/distilgpt2	Male vs Female	1	Sex	M7	1	0.75	-0.0015487889274178723	0.14164556138227147	0.14319435030968933	-0.0015487889274178601
511	distilbert/distilgpt2	Male vs Female	1	Sex	M7	2	0.6666666666666666	0.00016690833338847745	0.07635400904109697	0.0761871007077085	0.00016690833338847688
512	distilbert/distilgpt2	Male vs Female	1	Sex	M7	3	0.25	-0.0007599263917654695	0.0505575527689264	0.05131747916069187	-0.0007599263917654683
513	distilbert/distilgpt2	Male vs Female	1	Sex	M7	4	0.0	-0.0024878071526472896	0.07270314655033867	0.07519095370298597	-0.0024878071526472922
514	distilbert/distilgpt2	Male vs Female	1	Sex	M7	5	0.25	-0.0003457352407470517	0.06887471892211272	0.06922045416285978	-0.00034573524074706097
515	distilbert/distilgpt2	Male vs Female	1	Sex	M8	1	0.8	-0.0003994634569607997	0.1611241210168373	0.16152358447379805	-0.0003994634569607636
516	distilbert/distilgpt2	Male vs Female	1	Sex	M8	2	0.7	-0.0007369967051090449	0.04662274423444611	0.04735974093955515	-0.0007369967051090442
517	distilbert/distilgpt2	Male vs Female	1	Sex	M8	3	0.3	-0.0005999726987965988	0.058219176595025554	0.05881914929382216	-0.0005999726987966081
518	distilbert/distilgpt2	Male vs Female	1	Sex	M8	4	0.1	-0.0019728476310774414	0.07932695808012792	0.08129980571120536	-0.00197284763107744
519	distilbert/distilgpt2	Male vs Female	1	Sex	M8	5	0.2	-0.000680842390283959	0.0813136262353509	0.08199446862563488	-0.0006808423902839728
520	distilbert/distilgpt2	Male vs Female	1	Sex	M9	1	0.6666666666666666	0.0005126676460349595	0.1254797315280787	0.12496706388204376	0.0005126676460349422
521	distilbert/distilgpt2	Male vs Female	1	Sex	M9	2	0.0	-0.0013270175932120602	0.03691733642411537	0.03824435401732743	-0.0013270175932120626
522	distilbert/distilgpt2	Male vs Female	1	Sex	M9	3	0.0	-0.0009599404594003803	0.045666252630022976	0.04662619308942336	-0.0009599404594003852
523	distilbert/distilgpt2	Male vs Female	1	Sex	M9	4	0.16666666666666666	-0.0021810537036799304	0.06759770252210726	0.06977875622578718	-0.002181053703679922
524	distilbert/distilgpt2	Male vs Female	1	Sex	M9	5	0.16666666666666666	-0.000999925658106798	0.08199661225080487	0.08299653790891166	-0.00099992565810679
525	distilbert/distilgpt2	Male vs Female	1	Violent	M3	1	0.6	-0.0026459682732820566	0.15548976846039292	0.15813573673367495	-0.0026459682732820344
526	distilbert/distilgpt2	Male vs Female	1	Violent	M3	2	0.0	-0.0027499207295477502	0.04601336838677521	0.04876328911632296	-0.0027499207295477515
527	distilbert/distilgpt2	Male vs Female	1	Violent	M3	3	0.0	-0.0016257372684777012	0.04011865016072983	0.04174438742920753	-0.0016257372684777005
528	distilbert/distilgpt2	Male vs Female	1	Violent	M3	4	0.0	-0.003659872896969338	0.0955635116435587	0.09922338454052802	-0.0036598728969693267
529	distilbert/distilgpt2	Male vs Female	1	Violent	M3	5	0.2	-0.0004237805493175871	0.07299191011115905	0.07341569066047662	-0.00042378054931757614
530	distilbert/distilgpt2	Male vs Female	1	Violent	M4	1	0.6666666666666666	-0.001923677201072412	0.1566444641600052	0.1585681413610776	-0.0019236772010724212
531	distilbert/distilgpt2	Male vs Female	1	Violent	M4	2	0.3333333333333333	-0.002207480293388147	0.05486383708193895	0.05707131737532709	-0.002207480293388145
532	distilbert/distilgpt2	Male vs Female	1	Violent	M4	3	0.0	-0.002597263626133422	0.04639991722069675	0.04899718084683017	-0.0025972636261334184
533	distilbert/distilgpt2	Male vs Female	1	Violent	M4	4	0.0	-0.004076112216959402	0.09765859010318911	0.10173470232014852	-0.004076112216959402
534	distilbert/distilgpt2	Male vs Female	1	Violent	M4	5	0.0	-0.0012184972874820178	0.07629835046827789	0.0775168477557599	-0.0012184972874820094
535	distilbert/distilgpt2	Male vs Female	1	Violent	M5	1	0.46153846153846156	-0.002234357230078715	0.12876928382768077	0.1310036410577595	-0.0022343572300787262
536	distilbert/distilgpt2	Male vs Female	1	Violent	M5	2	0.23076923076923078	-0.002068969815109793	0.03920501406089612	0.04127398387600591	-0.002068969815109789
537	distilbert/distilgpt2	Male vs Female	1	Violent	M5	3	0.15384615384615385	-0.001369144355591693	0.03684795076528989	0.03821709512088158	-0.0013691443555916907
538	distilbert/distilgpt2	Male vs Female	1	Violent	M5	4	0.0	-0.002780111712546886	0.07827008819171725	0.08105019990426413	-0.0027801117125468705
539	distilbert/distilgpt2	Male vs Female	1	Violent	M5	5	0.3076923076923077	-0.00011670883171834473	0.194764251444632	0.19488096027635035	-0.000116708831718354
540	distilbert/distilgpt2	Male vs Female	1	Violent	M6	1	0.4444444444444444	-0.002516041458066983	0.1301234831205672	0.1326395245786342	-0.0025160414580669976
541	distilbert/distilgpt2	Male vs Female	1	Violent	M6	2	0.2777777777777778	-0.0023402014566171556	0.04161247552838171	0.04395267698499886	-0.002340201456617154
542	distilbert/distilgpt2	Male vs Female	1	Violent	M6	3	0.16666666666666666	-0.0013844172030480525	0.03669010334286006	0.03807452054590811	-0.0013844172030480495
543	distilbert/distilgpt2	Male vs Female	1	Violent	M6	4	0.0	-0.0030059898013456037	0.07780387257096458	0.08080986237231018	-0.0030059898013456016
544	distilbert/distilgpt2	Male vs Female	1	Violent	M6	5	0.2222222222222222	2.7333036996421596e-05	0.19704384254550353	0.1970165095085071	2.7333036996424198e-05
545	distilbert/distilgpt2	Male vs Female	1	Violent	M7	1	0.75	-0.0012875760439783543	0.16615214385092253	0.1674397198949009	-0.0012875760439783612
546	distilbert/distilgpt2	Male vs Female	1	Violent	M7	2	0.0	-0.002294037840329102	0.04881954629672687	0.05111358413705598	-0.0022940378403291106
547	distilbert/distilgpt2	Male vs Female	1	Violent	M7	3	0.0	-0.0021264414826873967	0.04800754180178041	0.050133983284467803	-0.0021264414826873967
548	distilbert/distilgpt2	Male vs Female	1	Violent	M7	4	0.0	-0.0030530036310665552	0.09937865578103805	0.10243165941210461	-0.0030530036310665587
549	distilbert/distilgpt2	Male vs Female	1	Violent	M7	5	0.5	-0.0006084042834117905	0.09114475786918771	0.0917531621525995	-0.000608404283411787
550	distilbert/distilgpt2	Male vs Female	1	Violent	M8	1	0.75	-0.0002803348654651927	0.13264267554313844	0.13292301040860363	-0.0002803348654651927
551	distilbert/distilgpt2	Male vs Female	1	Violent	M8	2	0.1875	-0.001227330264072182	0.0352977804671752	0.03652511073124738	-0.0012273302640721795
552	distilbert/distilgpt2	Male vs Female	1	Violent	M8	3	0.0625	-0.0014637054560893332	0.03905310151145609	0.04051680696754542	-0.0014637054560893287
553	distilbert/distilgpt2	Male vs Female	1	Violent	M8	4	0.0625	-0.0024159624700814735	0.07779236437528421	0.08020832684536569	-0.0024159624700814814
554	distilbert/distilgpt2	Male vs Female	1	Violent	M8	5	0.25	-0.0005535692471312418	0.08109455626981794	0.08164812551694918	-0.0005535692471312359
555	distilbert/distilgpt2	Male vs Female	1	Violent	M9	1	1.0	0.0004922207444905957	0.14288130961358544	0.14238908886909485	0.0004922207444905957
556	distilbert/distilgpt2	Male vs Female	1	Violent	M9	2	0.0	-0.0007544199470430474	0.0411018694285303	0.04185628937557335	-0.0007544199470430474
557	distilbert/distilgpt2	Male vs Female	1	Violent	M9	3	0.0	-0.00026497128419585014	0.04356122412718825	0.0438261954113841	-0.00026497128419585014
558	distilbert/distilgpt2	Male vs Female	1	Violent	M9	4	0.0	-0.0020463392138481556	0.08536242647096509	0.08740876568481325	-0.0020463392138481556
559	distilbert/distilgpt2	Male vs Female	1	Violent	M9	5	0.0	-0.0049172895960510055	0.10698321228846899	0.11190050188452	-0.0049172895960510055
560	distilbert/distilgpt2	Male vs Female	1	Weapon	M5	1	1.0	0.0010903981674345864	0.08513473830680593	0.08404434013937134	0.0010903981674345864
561	distilbert/distilgpt2	Male vs Female	1	Weapon	M5	2	0.5	0.00025443631602684383	0.01936141458782002	0.019106978271793175	0.00025443631602684383
562	distilbert/distilgpt2	Male vs Female	1	Weapon	M5	3	0.5	-0.0005405233193869173	0.023296132045288662	0.02383665536467558	-0.0005405233193869173
563	distilbert/distilgpt2	Male vs Female	1	Weapon	M5	4	0.5	-0.00012415386845533727	0.04186202448727269	0.04198617835572803	-0.00012415386845533727
564	distilbert/distilgpt2	Male vs Female	1	Weapon	M5	5	0.5	0.0013354511465877269	0.06133442930877205	0.05999897816218432	0.0013354511465877295
565	distilbert/distilgpt2	Male vs Female	1	Weapon	M6	1	1.0	5.933707143412903e-07	1.599700772203505e-05	1.540363700769376e-05	5.933707143412903e-07
566	distilbert/distilgpt2	Male vs Female	1	Weapon	M6	2	0.0	-2.3602115106768906e-07	6.569147899426753e-06	6.805169050494442e-06	-2.3602115106768906e-07
567	distilbert/distilgpt2	Male vs Female	1	Weapon	M6	3	0.0	-5.19373770657694e-08	2.834877477653208e-06	2.8868148547189776e-06	-5.19373770657694e-08
568	distilbert/distilgpt2	Male vs Female	1	Weapon	M6	4	1.0	1.0957683116430417e-07	8.673194315633737e-06	8.563617484469432e-06	1.0957683116430417e-07
569	distilbert/distilgpt2	Male vs Female	1	Weapon	M6	5	1.0	0.0012705363333224994	0.005023555830121	0.0037530194967985	0.0012705363333224994
570	distilbert/distilgpt2	Male vs Female	1	Weapon	M7	1	0.8	0.00014192013577484785	0.06252409068338237	0.06238217054760753	0.00014192013577483953
571	distilbert/distilgpt2	Male vs Female	1	Weapon	M7	2	0.0	-0.0001321848764746267	0.015614511714557	0.015746696591031627	-0.00013218487647462772
572	distilbert/distilgpt2	Male vs Female	1	Weapon	M7	3	0.0	-0.0005177841286467727	0.01753088530635976	0.01804866943500653	-0.0005177841286467706
573	distilbert/distilgpt2	Male vs Female	1	Weapon	M7	4	0.4	-0.00044331085209705354	0.03092601864263996	0.03136932949473702	-0.00044331085209705495
574	distilbert/distilgpt2	Male vs Female	1	Weapon	M7	5	0.6	-0.0003654140047728817	0.04747291542589661	0.04783832943066949	-0.0003654140047728849
575	distilbert/distilgpt2	Male vs Female	1	Weapon	M8	1	0.48484848484848486	-0.0014174975040353263	0.0745181177278551	0.07593561523189041	-0.0014174975040353033
576	distilbert/distilgpt2	Male vs Female	1	Weapon	M8	2	0.2727272727272727	-0.0007640031934842495	0.030381807835042143	0.031145811028526395	-0.0007640031934842521
577	distilbert/distilgpt2	Male vs Female	1	Weapon	M8	3	0.15151515151515152	-0.0009735635567887429	0.018140478795740708	0.019114042352529448	-0.0009735635567887403
578	distilbert/distilgpt2	Male vs Female	1	Weapon	M8	4	0.3333333333333333	-0.001295783277865588	0.044195047140378405	0.04549083041824399	-0.0012957832778655864
579	distilbert/distilgpt2	Male vs Female	1	Weapon	M8	5	0.5151515151515151	0.0008451359044005499	0.15012753784310803	0.14928240193870745	0.0008451359044005791
580	distilbert/distilgpt2	Male vs Female	1	Weapon	M9	1	0.5	-0.0042610163354765695	0.08433845519607529	0.08859947153155186	-0.0042610163354765695
581	distilbert/distilgpt2	Male vs Female	1	Weapon	M9	2	0.0	-0.003649419342764311	0.04992061355414985	0.05357003289691416	-0.003649419342764311
582	distilbert/distilgpt2	Male vs Female	1	Weapon	M9	3	0.0	-0.0015902341164064793	0.014208390042540467	0.015798624158946947	-0.0015902341164064793
583	distilbert/distilgpt2	Male vs Female	1	Weapon	M9	4	0.5	-0.002506437635020134	0.06335891219805488	0.06586534983307502	-0.002506437635020134
584	distilbert/distilgpt2	Male vs Female	1	Weapon	M9	5	0.5	0.0011399844661355496	0.01042982889339325	0.0092898444272577	0.0011399844661355504
585	distilbert/distilgpt2	Male vs Female	5	Drug	D1	1	0.3333333333333333	-0.000506046023171299	0.06263805516482533	0.06314410118799664	-0.0005060460231713082
586	distilbert/distilgpt2	Male vs Female	5	Drug	D1	2	0.0	-0.001614113986306628	0.02666436881812233	0.02827848280442896	-0.0016141139863066305
587	distilbert/distilgpt2	Male vs Female	5	Drug	D1	3	0.0	-0.0005103859709076052	0.016038628157427088	0.01654901412833469	-0.0005103859709076029
588	distilbert/distilgpt2	Male vs Female	5	Drug	D1	4	0.3333333333333333	-0.0014016877054625135	0.03183398888904772	0.03323567659451023	-0.0014016877054625135
589	distilbert/distilgpt2	Male vs Female	5	Drug	D1	5	0.3333333333333333	0.0014651806559413838	0.036380186211317736	0.03491500555537635	0.001465180655941388
590	distilbert/distilgpt2	Male vs Female	5	Drug	D2	1	0.6	0.00014068459349801942	0.07127835132432662	0.07113766673082861	0.00014068459349801665
591	distilbert/distilgpt2	Male vs Female	5	Drug	D2	2	0.0	-0.0013002700335164367	0.03094453318635711	0.032244803219873545	-0.0013002700335164354
592	distilbert/distilgpt2	Male vs Female	5	Drug	D2	3	0.0	-0.0014567249063475222	0.023709109529227102	0.025165834435574623	-0.0014567249063475209
593	distilbert/distilgpt2	Male vs Female	5	Drug	D2	4	0.2	-0.0010815719404490894	0.031115131896876796	0.03219670383732589	-0.0010815719404490935
594	distilbert/distilgpt2	Male vs Female	5	Drug	D2	5	0.2	-0.00023009846918283888	0.0464262899011373	0.04665638837032014	-0.00023009846918284338
595	distilbert/distilgpt2	Male vs Female	5	Drug	D3	1	0.625	0.0006514332094411657	0.08498719087958757	0.08433575767014641	0.0006514332094411657
596	distilbert/distilgpt2	Male vs Female	5	Drug	D3	2	0.0	-0.001292607349739698	0.03257832344758066	0.03387093079732036	-0.0012926073497397036
597	distilbert/distilgpt2	Male vs Female	5	Drug	D3	3	0.125	-0.0008120188186921771	0.022915575165143275	0.023727593983835452	-0.0008120188186921777
598	distilbert/distilgpt2	Male vs Female	5	Drug	D3	4	0.125	-0.000984193191470712	0.03358640456394819	0.034570597755418896	-0.0009841931914707086
599	distilbert/distilgpt2	Male vs Female	5	Drug	D3	5	0.125	-0.0012396311794873308	0.04914666197146285	0.05038629315095018	-0.0012396311794873327
600	distilbert/distilgpt2	Male vs Female	5	Drug	D4	1	0.6	0.0002815037332766196	0.07736879490566931	0.07708729117239269	0.00028150373327662237
601	distilbert/distilgpt2	Male vs Female	5	Drug	D4	2	0.0	-0.0011964401393015668	0.029957772052239262	0.031154212191540832	-0.0011964401393015703
602	distilbert/distilgpt2	Male vs Female	5	Drug	D4	3	0.0	-0.0007803422473443629	0.02110017045524725	0.021880512702591615	-0.0007803422473443636
603	distilbert/distilgpt2	Male vs Female	5	Drug	D4	4	0.2	-0.001030793160316549	0.03090856818198513	0.03193936134230167	-0.0010307931603165434
604	distilbert/distilgpt2	Male vs Female	5	Drug	D4	5	0.2	-0.0008420222904533103	0.05196377821266647	0.05280580050311978	-0.000842022290453312
605	distilbert/distilgpt2	Male vs Female	5	Homicide	M1	1	0.6	0.001282914205512492	0.05145833252063309	0.0501754183151206	0.001282914205512485
606	distilbert/distilgpt2	Male vs Female	5	Homicide	M1	2	0.2	-6.104550375311268e-05	0.021052787748158122	0.021113833251911233	-6.10455037531113e-05
607	distilbert/distilgpt2	Male vs Female	5	Homicide	M1	3	0.2	-0.0005749619506787123	0.02069960519679622	0.021274567147474936	-0.0005749619506787151
608	distilbert/distilgpt2	Male vs Female	5	Homicide	M1	4	0.6	-9.59328725002706e-05	0.021385873357212377	0.021481806229712647	-9.593287250026991e-05
609	distilbert/distilgpt2	Male vs Female	5	Homicide	M1	5	0.4	-0.00015433244407176555	0.051652411278337196	0.05180674372240897	-0.0001543324440717725
610	distilbert/distilgpt2	Male vs Female	5	Homicide	M2	1	0.5	0.0017071561378543265	0.04875539126078363	0.047048235122929306	0.0017071561378543265
611	distilbert/distilgpt2	Male vs Female	5	Homicide	M2	2	0.0	-7.190238397925333e-05	0.01991425692426671	0.019986159308245963	-7.190238397925333e-05
612	distilbert/distilgpt2	Male vs Female	5	Homicide	M2	3	0.0	-0.00047303153769463063	0.018362548604954978	0.01883558014264961	-0.00047303153769463063
613	distilbert/distilgpt2	Male vs Female	5	Homicide	M2	4	0.5	-0.00010099763949256504	0.017693767145829015	0.01779476478532158	-0.00010099763949256504
614	distilbert/distilgpt2	Male vs Female	5	Homicide	M2	5	0.5	0.00013220962136984652	0.05041602370329195	0.050283814081922104	0.00013220962136984565
615	distilbert/distilgpt2	Male vs Female	5	Homicide	M3	1	1.0	0.0027119442820549566	0.0800114432349801	0.07729949895292515	0.0027119442820549566
616	distilbert/distilgpt2	Male vs Female	5	Homicide	M3	2	0.0	-0.0006076432764530529	0.03082375088706605	0.0314313941635191	-0.0006076432764530529
617	distilbert/distilgpt2	Male vs Female	5	Homicide	M3	3	0.0	-0.0014805758837610483	0.03071272559463975	0.0321933014784008	-0.0014805758837610483
618	distilbert/distilgpt2	Male vs Female	5	Homicide	M3	4	0.0	-0.0005926652811467994	0.02917985338717695	0.02977251866832375	-0.0005926652811467994
619	distilbert/distilgpt2	Male vs Female	5	Homicide	M3	5	0.0	-0.0037651106249541044	0.08283088705502445	0.08659599767997855	-0.0037651106249541044
620	distilbert/distilgpt2	Male vs Female	5	Homicide	M4	1	1.0	0.002194690518081223	0.08381692180410025	0.08162223128601903	0.002194690518081216
621	distilbert/distilgpt2	Male vs Female	5	Homicide	M4	2	0.0	-0.000610766233876351	0.03347814362496132	0.034088909858837675	-0.0006107662338763545
622	distilbert/distilgpt2	Male vs Female	5	Homicide	M4	3	0.0	-0.0015440287534147466	0.032825931441038805	0.03436996019445355	-0.0015440287534147432
623	distilbert/distilgpt2	Male vs Female	5	Homicide	M4	4	0.0	-0.00048313383013012454	0.03100531105883415	0.031488444888964275	-0.00048313383013012454
624	distilbert/distilgpt2	Male vs Female	5	Homicide	M4	5	0.0	-0.0037883386248722534	0.08693716104608025	0.0907254996709525	-0.0037883386248722534
625	distilbert/distilgpt2	Male vs Female	5	Homicide	M5	1	1.0	0.0021954113617539406	0.0957276355475187	0.09353222418576476	0.0021954113617539406
626	distilbert/distilgpt2	Male vs Female	5	Homicide	M5	2	0.0	-0.0008472031913698067	0.03781111305579535	0.038658316247165155	-0.0008472031913698067
627	distilbert/distilgpt2	Male vs Female	5	Homicide	M5	3	0.0	-0.001400109147652949	0.03253715112805365	0.0339372602757066	-0.001400109147652949
628	distilbert/distilgpt2	Male vs Female	5	Homicide	M5	4	0.0	-0.0009605772793292999	0.03409747220575805	0.03505804948508735	-0.0009605772793292999
629	distilbert/distilgpt2	Male vs Female	5	Homicide	M5	5	0.0	-0.0040383564773947	0.07784443604759865	0.08188279252499335	-0.0040383564773947
630	distilbert/distilgpt2	Male vs Female	5	Other	M5	1	0.6	0.0002747782530301985	0.018956953547482627	0.018682175294452427	0.0002747782530302008
631	distilbert/distilgpt2	Male vs Female	5	Other	M5	2	0.4666666666666667	0.0024244456020521008	0.0630926803168222	0.0606682347147701	0.002424445602052107
632	distilbert/distilgpt2	Male vs Female	5	Other	M5	3	0.3333333333333333	-0.0010643910605419177	0.009322109150646886	0.010386500211188804	-0.0010643910605419183
633	distilbert/distilgpt2	Male vs Female	5	Other	M5	4	0.26666666666666666	-0.00016044486328609103	0.006320035306149887	0.006480480169435978	-0.0001604448632860911
634	distilbert/distilgpt2	Male vs Female	5	Other	M5	5	0.4666666666666667	0.0006033631167762526	0.13000435805200442	0.12940099493522814	0.0006033631167762787
635	distilbert/distilgpt2	Male vs Female	5	Other	M7	1	0.4	-0.004302894324064252	0.15109819639474148	0.15540109071880576	-0.004302894324064277
636	distilbert/distilgpt2	Male vs Female	5	Other	M7	2	0.0	-0.004357318859547358	0.08357143644243474	0.0879287553019821	-0.004357318859547363
637	distilbert/distilgpt2	Male vs Female	5	Other	M7	3	0.0	-0.003086214745417243	0.03545203213579946	0.03853824688121671	-0.0030862147454172456
638	distilbert/distilgpt2	Male vs Female	5	Other	M7	4	0.0	-0.0031074265949428284	0.08769559925422066	0.09080302584916349	-0.0031074265949428276
639	distilbert/distilgpt2	Male vs Female	5	Other	M7	5	0.0	-0.001400929223746069	0.03778853509575123	0.039189464319497304	-0.0014009292237460724
640	distilbert/distilgpt2	Male vs Female	5	Other	M8	1	0.8	0.0007623529992997753	0.08199936713402467	0.0812370141347249	0.0007623529992997757
641	distilbert/distilgpt2	Male vs Female	5	Other	M8	2	0.13333333333333333	-0.0010529710911214305	0.03402633710453903	0.03507930819566045	-0.0010529710911214227
642	distilbert/distilgpt2	Male vs Female	5	Other	M8	3	0.06666666666666667	-0.001163048809394243	0.03057494882183766	0.031737997631231904	-0.0011630488093942425
643	distilbert/distilgpt2	Male vs Female	5	Other	M8	4	0.0	-0.0008626315432290236	0.03259733701124782	0.033459968554476846	-0.0008626315432290269
644	distilbert/distilgpt2	Male vs Female	5	Other	M8	5	0.06666666666666667	-0.0029885512155791135	0.12047361475415523	0.12346216596973435	-0.002988551215579116
645	distilbert/distilgpt2	Male vs Female	5	Other	M9	1	0.8148148148148148	0.00038253454241149833	0.08262405922444786	0.08224152468203637	0.00038253454241149454
646	distilbert/distilgpt2	Male vs Female	5	Other	M9	2	0.07407407407407407	-0.0007492434352671791	0.04671532679424635	0.047464570229513524	-0.0007492434352671731
647	distilbert/distilgpt2	Male vs Female	5	Other	M9	3	0.037037037037037035	-0.0015712219208547016	0.025955863352523714	0.027527085273378413	-0.0015712219208546992
648	distilbert/distilgpt2	Male vs Female	5	Other	M9	4	0.07407407407407407	-0.0010327094860258566	0.033464556215120726	0.03449726570114658	-0.0010327094860258512
649	distilbert/distilgpt2	Male vs Female	5	Other	M9	5	0.1111111111111111	-0.002117494045200551	0.052067260425516224	0.05418475447071677	-0.002117494045200549
650	distilbert/distilgpt2	Male vs Female	5	Property	M3	1	1.0	0.002998211421072504	0.10508163925260303	0.10208342783153052	0.002998211421072511
651	distilbert/distilgpt2	Male vs Female	5	Property	M3	2	0.0	-0.0007162885740399499	0.040830183774232795	0.041546472348272745	-0.0007162885740399499
652	distilbert/distilgpt2	Male vs Female	5	Property	M3	3	0.0	-0.0008305719820782265	0.030583176761865574	0.0314137487439438	-0.0008305719820782265
653	distilbert/distilgpt2	Male vs Female	5	Property	M3	4	0.0	-0.00038574589416385044	0.034724627621471826	0.03511037351563567	-0.00038574589416384697
654	distilbert/distilgpt2	Male vs Female	5	Property	M3	5	0.0	-0.0035912608727813045	0.08828750601969652	0.09187876689247783	-0.0035912608727813045
655	distilbert/distilgpt2	Male vs Female	5	Property	M5	1	1.0	0.002998211421072504	0.10508163925260303	0.10208342783153052	0.002998211421072511
656	distilbert/distilgpt2	Male vs Female	5	Property	M5	2	0.0	-0.0007162885740399499	0.040830183774232795	0.041546472348272745	-0.0007162885740399499
657	distilbert/distilgpt2	Male vs Female	5	Property	M5	3	0.0	-0.0008305719820782265	0.030583176761865574	0.0314137487439438	-0.0008305719820782265
658	distilbert/distilgpt2	Male vs Female	5	Property	M5	4	0.0	-0.00038574589416385044	0.034724627621471826	0.03511037351563567	-0.00038574589416384697
659	distilbert/distilgpt2	Male vs Female	5	Property	M5	5	0.0	-0.0035912608727813045	0.08828750601969652	0.09187876689247783	-0.0035912608727813045
660	distilbert/distilgpt2	Male vs Female	5	Property	M6	1	1.0	0.0035781366750598023	0.11958194524049755	0.11600380856543774	0.0035781366750598093
661	distilbert/distilgpt2	Male vs Female	5	Property	M6	2	0.0	-0.0013931882567704036	0.04272954352200024	0.04412273177877065	-0.001393188256770407
662	distilbert/distilgpt2	Male vs Female	5	Property	M6	3	0.0	-0.0008476144867017761	0.0361343866679817	0.036982001154683475	-0.0008476144867017726
663	distilbert/distilgpt2	Male vs Female	5	Property	M6	4	0.0	-0.0007847151719033718	0.03828810737468298	0.03907282254658635	-0.0007847151719033718
664	distilbert/distilgpt2	Male vs Female	5	Property	M6	5	0.0	-0.004244320094585419	0.09720302536152298	0.1014473454561084	-0.004244320094585419
665	distilbert/distilgpt2	Male vs Female	5	Property	M7	1	1.0	0.0024335101867715516	0.10775300177435075	0.1053194915875792	0.0024335101867715564
666	distilbert/distilgpt2	Male vs Female	5	Property	M7	2	0.0	-0.001067116701354583	0.04507657233625645	0.046143689037611034	-0.0010671167013545854
667	distilbert/distilgpt2	Male vs Female	5	Property	M7	3	0.0	-0.0009147094873090331	0.03065603777455783	0.031570747261866865	-0.0009147094873090331
668	distilbert/distilgpt2	Male vs Female	5	Property	M7	4	0.0	-0.0004612202756106842	0.03803658438846465	0.03849780466407533	-0.00046122027561068535
669	distilbert/distilgpt2	Male vs Female	5	Property	M7	5	0.0	-0.0030419941370686127	0.09090412772881483	0.09394612186588343	-0.0030419941370685988
670	distilbert/distilgpt2	Male vs Female	5	Property	M8	1	0.8461538461538461	0.0015103319086707577	0.10426443736427102	0.10275410545560025	0.0015103319086707673
671	distilbert/distilgpt2	Male vs Female	5	Property	M8	2	0.0	-0.0012467086959917014	0.04184195975987951	0.04308866845587122	-0.0012467086959917079
672	distilbert/distilgpt2	Male vs Female	5	Property	M8	3	0.0	-0.0012304303773607041	0.028873963621803167	0.030104393999163873	-0.0012304303773607063
673	distilbert/distilgpt2	Male vs Female	5	Property	M8	4	0.07692307692307693	-0.0010631601326167564	0.04602766355786181	0.04709082369047857	-0.0010631601326167583
674	distilbert/distilgpt2	Male vs Female	5	Property	M8	5	0.07692307692307693	-0.0030096746049821533	0.06404264239021212	0.06705231699519429	-0.0030096746049821654
675	distilbert/distilgpt2	Male vs Female	5	Property	M9	1	0.7	0.00028069355703335547	0.09256952981122589	0.09228883625419254	0.00028069355703334853
676	distilbert/distilgpt2	Male vs Female	5	Property	M9	2	0.0	-0.001118655022582967	0.037361245205283874	0.03847990022786685	-0.0011186550225829733
677	distilbert/distilgpt2	Male vs Female	5	Property	M9	3	0.0	-0.0012994468677788764	0.028926806154822737	0.030226253022601613	-0.0012994468677788758
678	distilbert/distilgpt2	Male vs Female	5	Property	M9	4	0.1	-0.000857878030001311	0.04208710315560889	0.042944981185610194	-0.0008578780300013064
679	distilbert/distilgpt2	Male vs Female	5	Property	M9	5	0.1	-0.0028518791310489394	0.053706165822222776	0.05655804495327171	-0.002851879131048937
680	distilbert/distilgpt2	Male vs Female	5	Sex	M2	1	0.75	0.0009812488383431454	0.07217471683543403	0.07119346799709089	0.000981248838343135
681	distilbert/distilgpt2	Male vs Female	5	Sex	M2	2	0.0	-0.00019548327077244763	0.02718753100748469	0.027383014278257137	-0.0001954832707724459
682	distilbert/distilgpt2	Male vs Female	5	Sex	M2	3	0.25	-0.0007831800554640705	0.026164200018570196	0.026947380074034265	-0.0007831800554640687
683	distilbert/distilgpt2	Male vs Female	5	Sex	M2	4	0.25	-0.0005924899273850358	0.023827481026273703	0.02441997095365874	-0.0005924899273850384
684	distilbert/distilgpt2	Male vs Female	5	Sex	M2	5	0.25	-0.0011488100863061641	0.06473268044646825	0.06588149053277441	-0.0011488100863061568
685	distilbert/distilgpt2	Male vs Female	5	Sex	M3	1	1.0	0.000722823664545999	0.09866176359355444	0.09793893992900844	0.000722823664545999
686	distilbert/distilgpt2	Male vs Female	5	Sex	M3	2	0.0	-0.000330634415149654	0.0354223223403096	0.03575295675545925	-0.000330634415149654
687	distilbert/distilgpt2	Male vs Female	5	Sex	M3	3	0.0	-0.0009072814136743476	0.0352338375523686	0.03614111896604295	-0.0009072814136743476
688	distilbert/distilgpt2	Male vs Female	5	Sex	M3	4	0.0	-0.0008499780669808492	0.0308624124154448	0.03171239048242565	-0.0008499780669808492
689	distilbert/distilgpt2	Male vs Female	5	Sex	M3	5	0.0	-0.002787084085866795	0.0845898028928786	0.08737688697874539	-0.002787084085866795
690	distilbert/distilgpt2	Male vs Female	5	Sex	M4	1	0.0	-0.01083336770534521	0.1554187983274459	0.1662521660327911	-0.01083336770534521
691	distilbert/distilgpt2	Male vs Female	5	Sex	M4	2	0.0	-0.0058624334633350025	0.0480547435581684	0.0539171770215034	-0.0058624334633350025
692	distilbert/distilgpt2	Male vs Female	5	Sex	M4	3	0.0	-0.0022117774933577	0.0189999379217624	0.0212117154151201	-0.0022117774933577
693	distilbert/distilgpt2	Male vs Female	5	Sex	M4	4	0.0	-0.005111843347549397	0.0769318640232086	0.082043707370758	-0.005111843347549397
694	distilbert/distilgpt2	Male vs Female	5	Sex	M4	5	0.0	-0.00035221036523590005	0.0042381021194159	0.0045903124846518	-0.00035221036523590005
695	distilbert/distilgpt2	Male vs Female	5	Sex	M5	1	0.8888888888888888	0.00048756102720895326	0.10332248825579876	0.10283492722858982	0.0004875610272089409
696	distilbert/distilgpt2	Male vs Female	5	Sex	M5	2	0.1111111111111111	-0.0009316830481919827	0.036734822050978694	0.037666505099170675	-0.0009316830481919808
697	distilbert/distilgpt2	Male vs Female	5	Sex	M5	3	0.0	-0.0010688719210318514	0.0334390717455082	0.034507943666540045	-0.001068871921031847
698	distilbert/distilgpt2	Male vs Female	5	Sex	M5	4	0.0	-0.0011398857459426004	0.036366055460853655	0.037505941206796255	-0.0011398857459425996
699	distilbert/distilgpt2	Male vs Female	5	Sex	M5	5	0.0	-0.002981249605202034	0.07143106334842736	0.07441231295362939	-0.0029812496052020326
700	distilbert/distilgpt2	Male vs Female	5	Sex	M6	1	0.8571428571428571	0.0008171328476496807	0.09376794286072247	0.0929508100130728	0.0008171328476496709
701	distilbert/distilgpt2	Male vs Female	5	Sex	M6	2	0.0	-0.00035397182883958677	0.03471914738682761	0.03507311921566719	-0.00035397182883958184
702	distilbert/distilgpt2	Male vs Female	5	Sex	M6	3	0.0	-0.0010828147476006768	0.03370035601048061	0.03478317075808129	-0.0010828147476006772
703	distilbert/distilgpt2	Male vs Female	5	Sex	M6	4	0.0	-0.0007595109221126362	0.02990059700927559	0.03066010793138823	-0.0007595109221126377
704	distilbert/distilgpt2	Male vs Female	5	Sex	M6	5	0.0	-0.0024760321580937932	0.07739669177681203	0.07987272393490583	-0.002476032158093791
705	distilbert/distilgpt2	Male vs Female	5	Sex	M7	1	0.75	-0.0012668284568159536	0.08787933684895198	0.08914616530576792	-0.0012668284568159438
706	distilbert/distilgpt2	Male vs Female	5	Sex	M7	2	0.16666666666666666	-0.00036291840175786536	0.06743696692865338	0.06779988533041124	-0.0003629184017578668
707	distilbert/distilgpt2	Male vs Female	5	Sex	M7	3	0.0	-0.0011891819497880911	0.02551918804723143	0.02670836999701952	-0.0011891819497880929
708	distilbert/distilgpt2	Male vs Female	5	Sex	M7	4	0.0	-0.0017134706007103182	0.03635925572598348	0.0380727263266938	-0.0017134706007103165
709	distilbert/distilgpt2	Male vs Female	5	Sex	M7	5	0.0	-0.0017134178318277185	0.04558951169989689	0.0473029295317246	-0.0017134178318277127
710	distilbert/distilgpt2	Male vs Female	5	Sex	M8	1	0.8	-0.00017107065850722607	0.1014805595306825	0.1016516301891897	-0.0001710706585072025
711	distilbert/distilgpt2	Male vs Female	5	Sex	M8	2	0.0	-0.0013805068437250131	0.038961296118031855	0.040341802961756865	-0.00138050684372501
712	distilbert/distilgpt2	Male vs Female	5	Sex	M8	3	0.1	-0.0009121907688268011	0.029620835377295363	0.030533026146122168	-0.0009121907688268045
713	distilbert/distilgpt2	Male vs Female	5	Sex	M8	4	0.1	-0.0012274950406208642	0.04065449644003815	0.04188199148065901	-0.001227495040620863
714	distilbert/distilgpt2	Male vs Female	5	Sex	M8	5	0.1	-0.0014501375146210396	0.05472185213584446	0.056171989650465506	-0.0014501375146210443
715	distilbert/distilgpt2	Male vs Female	5	Sex	M9	1	0.8333333333333334	0.0016883081073804894	0.07081929157114546	0.06913098346376496	0.0016883081073804929
716	distilbert/distilgpt2	Male vs Female	5	Sex	M9	2	0.0	-0.0015064857428418246	0.028566671325127833	0.030073157067969657	-0.0015064857428418246
717	distilbert/distilgpt2	Male vs Female	5	Sex	M9	3	0.0	-0.0010888618912001226	0.023189785597727015	0.024278647488927135	-0.0010888618912001206
718	distilbert/distilgpt2	Male vs Female	5	Sex	M9	4	0.16666666666666666	-0.0009074159109635297	0.027124937922659787	0.02803235383362332	-0.000907415910963532
719	distilbert/distilgpt2	Male vs Female	5	Sex	M9	5	0.16666666666666666	-0.0024151655767733773	0.05607153560655809	0.058486701183331456	-0.002415165576773369
720	distilbert/distilgpt2	Male vs Female	5	Violent	M3	1	0.6	-0.0015561981126666097	0.11667882334440942	0.11823502145707603	-0.001556198112666607
721	distilbert/distilgpt2	Male vs Female	5	Violent	M3	2	0.0	-0.0027876468375325203	0.04325914885848757	0.04604679569602009	-0.0027876468375325203
722	distilbert/distilgpt2	Male vs Female	5	Violent	M3	3	0.0	-0.0016890706028789288	0.028841566480696152	0.03053063708357508	-0.0016890706028789282
723	distilbert/distilgpt2	Male vs Female	5	Violent	M3	4	0.0	-0.002478038985282199	0.057953818887472086	0.06043185787275429	-0.002478038985282205
724	distilbert/distilgpt2	Male vs Female	5	Violent	M3	5	0.0	-0.002974647888913734	0.0495102361310273	0.052484884019941024	-0.0029746478889137243
725	distilbert/distilgpt2	Male vs Female	5	Violent	M4	1	0.6666666666666666	-0.0014050956815481463	0.11401029241581752	0.11541538809736566	-0.0014050956815481463
726	distilbert/distilgpt2	Male vs Female	5	Violent	M4	2	0.0	-0.0027222153730690132	0.0460418549676736	0.048764070340742614	-0.0027222153730690132
727	distilbert/distilgpt2	Male vs Female	5	Violent	M4	3	0.0	-0.002206732286140317	0.03065192451079682	0.032858656796937134	-0.0022067322861403157
728	distilbert/distilgpt2	Male vs Female	5	Violent	M4	4	0.0	-0.0027966590908666314	0.05449813138693568	0.05729479047780232	-0.0027966590908666336
729	distilbert/distilgpt2	Male vs Female	5	Violent	M4	5	0.0	-0.0024835590738803	0.05255245192286865	0.05503601099674895	-0.002483559073880301
730	distilbert/distilgpt2	Male vs Female	5	Violent	M5	1	0.5384615384615384	-0.0014999577274116245	0.09759782233203827	0.09909778005944991	-0.001499957727411641
731	distilbert/distilgpt2	Male vs Female	5	Violent	M5	2	0.15384615384615385	-0.002209885619007631	0.037338209195205745	0.03954809481421337	-0.0022098856190076246
732	distilbert/distilgpt2	Male vs Female	5	Violent	M5	3	0.15384615384615385	-0.0012595332496298192	0.027407674736773115	0.02866720798640293	-0.001259533249629817
733	distilbert/distilgpt2	Male vs Female	5	Violent	M5	4	0.0	-0.002086475840769716	0.04726287410057217	0.04934934994134189	-0.002086475840769715
734	distilbert/distilgpt2	Male vs Female	5	Violent	M5	5	0.15384615384615385	-0.001509307668759274	0.17313981378594268	0.17464912145470193	-0.0015093076687592577
735	distilbert/distilgpt2	Male vs Female	5	Violent	M6	1	0.4444444444444444	-0.0020288898506098346	0.0972188517140845	0.09924774156469433	-0.0020288898506098385
736	distilbert/distilgpt2	Male vs Female	5	Violent	M6	2	0.16666666666666666	-0.0025564212507257875	0.037576152606763724	0.04013257385748951	-0.0025564212507257836
737	distilbert/distilgpt2	Male vs Female	5	Violent	M6	3	0.16666666666666666	-0.001234677652569697	0.02515241461676644	0.02638709226933614	-0.0012346776525696997
738	distilbert/distilgpt2	Male vs Female	5	Violent	M6	4	0.0	-0.002362016148658263	0.050462842886594805	0.052824859035253066	-0.002362016148658261
739	distilbert/distilgpt2	Male vs Female	5	Violent	M6	5	0.16666666666666666	-0.0009196967973063309	0.17931605192522204	0.18023574872252837	-0.0009196967973063297
740	distilbert/distilgpt2	Male vs Female	5	Violent	M7	1	0.75	0.0004790569655596967	0.12191837746649975	0.12143932050094006	0.00047905696555969324
741	distilbert/distilgpt2	Male vs Female	5	Violent	M7	2	0.0	-0.0023081640247255737	0.04596126254182304	0.04826942656654861	-0.0023081640247255703
742	distilbert/distilgpt2	Male vs Female	5	Violent	M7	3	0.0	-0.001773786498233688	0.03577041137032205	0.037544197868555736	-0.001773786498233683
743	distilbert/distilgpt2	Male vs Female	5	Violent	M7	4	0.0	-0.002103111124597488	0.056277720257639836	0.05838083138223732	-0.002103111124597483
744	distilbert/distilgpt2	Male vs Female	5	Violent	M7	5	0.0	-0.003271726425737101	0.059681757702492164	0.06295348412822926	-0.003271726425737101
745	distilbert/distilgpt2	Male vs Female	5	Violent	M8	1	0.75	0.0005356668659715147	0.0875786356073149	0.08704296874134339	0.0005356668659715069
746	distilbert/distilgpt2	Male vs Female	5	Violent	M8	2	0.0	-0.0015194188240172904	0.03103764926558479	0.032557068089602084	-0.0015194188240172934
747	distilbert/distilgpt2	Male vs Female	5	Violent	M8	3	0.0625	-0.0012120591351134611	0.02528562926869423	0.026497688403807694	-0.0012120591351134635
748	distilbert/distilgpt2	Male vs Female	5	Violent	M8	4	0.0625	-0.0015098084078317656	0.03859585340143208	0.04010566180926385	-0.0015098084078317697
749	distilbert/distilgpt2	Male vs Female	5	Violent	M8	5	0.125	-0.0019061937491642257	0.054623488089418935	0.05652968183858316	-0.0019061937491642242
750	distilbert/distilgpt2	Male vs Female	5	Violent	M9	1	1.0	0.0019024405628443042	0.08936052955687046	0.08745808899402616	0.0019024405628443042
751	distilbert/distilgpt2	Male vs Female	5	Violent	M9	2	0.0	-0.0008894437924027443	0.0421022428199648	0.04299168661236755	-0.0008894437924027443
752	distilbert/distilgpt2	Male vs Female	5	Violent	M9	3	0.0	-0.0008818209171295478	0.02931882860139005	0.0302006495185196	-0.0008818209171295478
753	distilbert/distilgpt2	Male vs Female	5	Violent	M9	4	0.0	-0.0005388129502535005	0.0340950274839997	0.0346338404342532	-0.0005388129502535005
754	distilbert/distilgpt2	Male vs Female	5	Violent	M9	5	0.0	-0.005677388515323345	0.071645634714514	0.07732302322983735	-0.005677388515323345
755	distilbert/distilgpt2	Male vs Female	5	Weapon	M5	1	1.0	0.0013223580244812114	0.0458088556260918	0.04448649760161059	0.0013223580244812114
756	distilbert/distilgpt2	Male vs Female	5	Weapon	M5	2	0.0	-0.00012730337766700406	0.01842700467886967	0.018554308056536673	-0.00012730337766700406
757	distilbert/distilgpt2	Male vs Female	5	Weapon	M5	3	0.5	-0.00047513585991509205	0.015247342353177339	0.01572247821309243	-0.00047513585991509205
758	distilbert/distilgpt2	Male vs Female	5	Weapon	M5	4	0.5	-2.8011399990351266e-06	0.015542037113846146	0.015544838253845181	-2.8011399990351266e-06
759	distilbert/distilgpt2	Male vs Female	5	Weapon	M5	5	0.5	0.000689365435391648	0.03775726375170048	0.03706789831630883	0.0006893654353916506
760	distilbert/distilgpt2	Male vs Female	5	Weapon	M6	1	1.0	5.933707143412903e-07	1.599700772203505e-05	1.540363700769376e-05	5.933707143412903e-07
761	distilbert/distilgpt2	Male vs Female	5	Weapon	M6	2	0.0	-2.3602115106768906e-07	6.569147899426753e-06	6.805169050494442e-06	-2.3602115106768906e-07
762	distilbert/distilgpt2	Male vs Female	5	Weapon	M6	3	0.0	-5.19373770657694e-08	2.834877477653208e-06	2.8868148547189776e-06	-5.19373770657694e-08
763	distilbert/distilgpt2	Male vs Female	5	Weapon	M6	4	1.0	1.0957683116430417e-07	8.673194315633737e-06	8.563617484469432e-06	1.0957683116430417e-07
764	distilbert/distilgpt2	Male vs Female	5	Weapon	M6	5	1.0	0.0012705363333224994	0.005023555830121	0.0037530194967985	0.0012705363333224994
765	distilbert/distilgpt2	Male vs Female	5	Weapon	M7	1	0.8	0.0005826953663017831	0.032717281928580616	0.032134586562278834	0.0005826953663017817
766	distilbert/distilgpt2	Male vs Female	5	Weapon	M7	2	0.0	-0.00026589164544931485	0.012413234207087922	0.012679125852537238	-0.00026589164544931626
767	distilbert/distilgpt2	Male vs Female	5	Weapon	M7	3	0.0	-0.00041469999098354277	0.010811631907881722	0.011226331898865264	-0.00041469999098354277
768	distilbert/distilgpt2	Male vs Female	5	Weapon	M7	4	0.4	-0.00021550348301388328	0.011732197987294043	0.011947701470307926	-0.00021550348301388293
769	distilbert/distilgpt2	Male vs Female	5	Weapon	M7	5	0.6	-0.0004513013642281095	0.03332388121634719	0.033775182580575304	-0.0004513013642281141
770	distilbert/distilgpt2	Male vs Female	5	Weapon	M8	1	0.5454545454545454	-0.0009688328819362177	0.05771650936835748	0.0586853422502937	-0.0009688328819362144
771	distilbert/distilgpt2	Male vs Female	5	Weapon	M8	2	0.18181818181818182	-0.0008568108568066527	0.027909354253703566	0.02876616511051022	-0.0008568108568066529
772	distilbert/distilgpt2	Male vs Female	5	Weapon	M8	3	0.15151515151515152	-0.0006774107531934186	0.013454622908869993	0.014132033662063411	-0.0006774107531934189
773	distilbert/distilgpt2	Male vs Female	5	Weapon	M8	4	0.3333333333333333	-0.001048731536050611	0.03040844584259527	0.03145717737864589	-0.0010487315360506178
774	distilbert/distilgpt2	Male vs Female	5	Weapon	M8	5	0.5151515151515151	0.0007764328377864584	0.14025518038331272	0.13947874754552625	0.0007764328377864727
775	distilbert/distilgpt2	Male vs Female	5	Weapon	M9	1	0.5	-0.0042610163354765695	0.08433845519607529	0.08859947153155186	-0.0042610163354765695
776	distilbert/distilgpt2	Male vs Female	5	Weapon	M9	2	0.0	-0.003649419342764311	0.04992061355414985	0.05357003289691416	-0.003649419342764311
777	distilbert/distilgpt2	Male vs Female	5	Weapon	M9	3	0.0	-0.0015902341164064793	0.014208390042540467	0.015798624158946947	-0.0015902341164064793
778	distilbert/distilgpt2	Male vs Female	5	Weapon	M9	4	0.5	-0.002506437635020134	0.06335891219805488	0.06586534983307502	-0.002506437635020134
779	distilbert/distilgpt2	Male vs Female	5	Weapon	M9	5	0.5	0.0011399844661355496	0.01042982889339325	0.0092898444272577	0.0011399844661355504
